index,startName,startLat,startLong,count,per_count
0,Pershing Square North,40.751873,-73.977706,53926,1
1,Broadway & E 22 St,40.7403432,-73.98955109,41625,0.8
2,8 Ave & W 31 St,40.75058535,-73.99468482,41611,0.8
3,E 17 St & Broadway,40.73704984,-73.99009296,40904,0.8
4,Broadway & E 14 St,40.73454567,-73.99074142,39609,0.75
5,West St & Chambers St,40.71754834,-74.01322069,39065,0.75
6,Broadway & W 60 St,40.76915505,-73.98191841,37260,0.7
7,12 Ave & W 40 St,40.76087502,-74.00277668,36995,0.7
8,Christopher St & Greenwich St,40.73291553,-74.00711384,35178,0.7
9,W 20 St & 11 Ave,40.746745,-74.007756,34215,0.65
10,W 33 St & 7 Ave,40.75019995,-73.99093085,32631,0.65
11,8 Ave & W 33 St,40.751551,-73.993934,32321,0.6
12,W 21 St & 6 Ave,40.74173969,-73.99415556,32073,0.6
13,Lafayette St & E 8 St,40.73020661,-73.99102628,31572,0.6
14,Carmine St & 6 Ave,40.73038599,-74.00214988,30768,0.6
15,South End Ave & Liberty St,40.711512,-74.015756,30745,0.6
16,Broadway & W 25 St,40.74286877,-73.98918629,29993,0.6
17,W 41 St & 8 Ave,40.75640548,-73.9900262,29853,0.6
18,W 31 St & 7 Ave,40.749156,-73.9916,29605,0.55
19,W 38 St & 8 Ave,40.75466591,-73.99138152,29419,0.55
20,Grand Army Plaza & Central Park S,40.7643971,-73.97371465,29372,0.55
21,Cleveland Pl & Spring St,40.72210379,-73.99724901,29056,0.55
22,1 Ave & E 16 St,40.73221853,-73.98165557,28914,0.55
23,Central Park S & 6 Ave,40.76590936,-73.97634151,28426,0.55
24,W 18 St & 6 Ave,40.73971301,-73.99456405,28113,0.55
25,E 47 St & Park Ave,40.75510267,-73.97498696,28080,0.55
26,E 13 St & Avenue A,40.72966729,-73.98067966,27897,0.55
27,Cooper Square & Astor Pl,40.72951496,-73.9907527,27656,0.55
28,Grand St & Elizabeth St,40.718822,-73.99596,27523,0.55
29,E 24 St & Park Ave S,40.74096374,-73.98602213,27247,0.55
30,Great Jones St,40.72743423,-73.99379025,26694,0.5
31,Broadway & W 29 St,40.7462009,-73.98855723,26462,0.5
32,Broadway & W 41 St,40.75513557,-73.98658032,26335,0.5
33,Washington St & Gansevoort St,40.739323,-74.008119,25687,0.5
34,E 10 St & Avenue A,40.72740794,-73.98142006,25473,0.5
35,W 22 St & 10 Ave,40.74691959,-74.00451887,25465,0.5
36,Vesey Pl & River Terrace,40.7153379,-74.01658354,25454,0.5
37,W 34 St & 11 Ave,40.75594159,-74.0021163,24974,0.5
38,Pier 40 - Hudson River Park,40.72771408,-74.01129574,24686,0.5
39,E 7 St & Avenue A,40.72621788,-73.98379855,24613,0.5
40,W 22 St & 8 Ave,40.74475148,-73.99915362,24113,0.45
41,Broadway & W 49 St,40.76068327,-73.98452729,24064,0.45
42,W 24 St & 7 Ave,40.74487634,-73.99529885,23931,0.45
43,MacDougal St & Prince St,40.72710258,-74.00297088,23674,0.45
44,Central Park West & W 72 St,40.77579377,-73.97620574,23582,0.45
45,North Moore St & Greenwich St,40.72019521,-74.01030064,23401,0.45
46,E 32 St & Park Ave,40.7457121,-73.98194829,23345,0.45
47,Allen St & Stanton St,40.722055,-73.989111,23258,0.45
48,Gansevoort St & Hudson St,40.7394482,-74.00507033,23241,0.45
49,W 52 St & 6 Ave,40.76132983,-73.97982001,23211,0.45
50,University Pl & E 14 St,40.73492695,-73.99200509,23198,0.45
51,W 25 St & 6 Ave,40.74395411,-73.99144871,22975,0.45
52,W 16 St & 8 Ave,40.74102151,-74.00138497,22954,0.45
53,11 Ave & W 27 St,40.751396,-74.005226,22725,0.45
54,W 26 St & 8 Ave,40.74734825,-73.99723551,22474,0.45
55,Lexington Ave & E 26 St,40.741459,-73.983293,22456,0.45
56,W 27 St & 7 Ave,40.746647,-73.993915,22432,0.45
57,W 4 St & 7 Ave S,40.73401143,-74.00293877,22409,0.45
58,E 16 St & 5 Ave,40.73726186,-73.99238967,22388,0.45
59,St Marks Pl & 1 Ave,40.72779126,-73.98564945,22294,0.45
60,1 Ave & E 68 St,40.76500525,-73.95818491,22101,0.45
61,Lafayette St & Jersey St,40.72430527,-73.99600983,22005,0.45
62,Barrow St & Hudson St,40.73172428,-74.00674436,21945,0.45
63,E 48 St & 5 Ave,40.75724568,-73.97805914,21917,0.45
64,E 33 St & 1 Ave,40.74322681,-73.97449784,21766,0.45
65,W 27 St & 10 Ave,40.75018156,-74.00218427,21722,0.45
66,E 20 St & 2 Ave,40.73587678,-73.98205027,21593,0.45
67,Centre St & Chambers St,40.71273266,-74.0046073,21473,0.4
68,9 Ave & W 45 St,40.76019252,-73.9912551,21411,0.4
69,Little West St & 1 Pl,40.70569254,-74.01677685,21369,0.4
70,Canal St & Rutgers St,40.71427487,-73.98990025,21320,0.4
71,E 15 St & 3 Ave,40.734232,-73.986923,21318,0.4
72,2 Ave & E 31 St,40.74290902,-73.97706058,21223,0.4
73,E 25 St & 2 Ave,40.73912601,-73.97973776,21184,0.4
74,E 11 St & 1 Ave,40.72953837,-73.98426726,21160,0.4
75,Columbus Ave & W 72 St,40.7770575,-73.97898475,21133,0.4
76,E 23 St & 1 Ave,40.736502,-73.97809472,20963,0.4
77,Central Park West & W 68 St,40.7734066,-73.97782542,20716,0.4
78,Pershing Square South,40.751581,-73.97791,20711,0.4
79,E 39 St & 2 Ave,40.74780373,-73.9734419,20688,0.4
80,W 20 St & 7 Ave,40.74238787,-73.99726235,20664,0.4
81,5 Ave & E 29 St,40.7451677,-73.98683077,20584,0.4
82,Greenwich St & W Houston St,40.728846,-74.008591,20511,0.4
83,1 Ave & E 18 St,40.73381219,-73.98054421,20486,0.4
84,5 Ave & E 88 St,40.78307,-73.95939,20459,0.4
85,W 16 St & The High Line,40.74334935,-74.00681753,20291,0.4
86,W 15 St & 7 Ave,40.73935542,-73.99931783,20249,0.4
87,5 Ave & E 73 St,40.77282817,-73.96685276,20110,0.4
88,W 13 St & 7 Ave,40.73781509,-73.99994661,20100,0.4
89,St Marks Pl & 2 Ave,40.7284186,-73.98713956,20048,0.4
90,E 4 St & 2 Ave,40.7262807,-73.98978041,19948,0.4
91,Mott St & Prince St,40.72317958,-73.99480012,19674,0.4
92,E 20 St & FDR Drive,40.73314259,-73.97573881,19674,0.4
93,11 Ave & W 41 St,40.76030096,-73.99884222,19573,0.4
94,E 31 St & 3 Ave,40.74394314,-73.97966069,19465,0.4
95,W 52 St & 5 Ave,40.75992262,-73.97648516,19446,0.4
96,7 Ave & Central Park South,40.76674056,-73.97906899,19424,0.4
97,W 26 St & 10 Ave,40.74971775,-74.00295035,19411,0.4
98,8 Ave & W 52 St,40.76370739,-73.9851615,19375,0.4
99,FDR Drive & E 35 St,40.744219,-73.97121214,19356,0.4
100,W 20 St & 8 Ave,40.74345335,-74.00004031,19341,0.4
101,Mercer St & Bleecker St,40.72706363,-73.99662137,19178,0.4
102,LaGuardia Pl & W 3 St,40.72917025,-73.99810231,19037,0.4
103,E 2 St & Avenue A,40.72307749,-73.98583621,19036,0.4
104,Forsyth St & Broome St,40.71893904,-73.99266288,19005,0.4
105,11 Ave & W 59 St,40.77149671,-73.99046034,18961,0.4
106,Clinton St & Grand St,40.71559509,-73.9870295,18885,0.4
107,E 20 St & Park Ave,40.73827428,-73.98751968,18795,0.35
108,E 2 St & Avenue B,40.72217444,-73.98368779,18753,0.35
109,Allen St & Rivington St,40.72019576,-73.98997825,18587,0.35
110,W 13 St & 5 Ave,40.735445,-73.99431,18501,0.35
111,6 Ave & Canal St,40.72243797,-74.00566443,18381,0.35
112,E 6 St & Avenue B,40.72453734,-73.98185424,18360,0.35
113,Amsterdam Ave & W 73 St,40.77966809,-73.98093045,18307,0.35
114,South St & Gouverneur Ln,40.70355377,-74.00670227,18261,0.35
115,Broadway & W 56 St,40.7652654,-73.98192338,18195,0.35
116,E 11 St & 2 Ave,40.73047309,-73.98672378,18189,0.35
117,W Broadway & Spring Street,40.72494672,-74.00165856,18187,0.35
118,E 39 St & 3 Ave,40.7489006,-73.97604882,18139,0.35
119,Sullivan St & Washington Sq,40.73047747,-73.99906065,18008,0.35
120,E 2 St & 2 Ave,40.72502876,-73.99069656,17836,0.35
121,Allen St & Hester St,40.71605866,-73.99190759,17819,0.35
122,W 49 St & 8 Ave,40.76227205,-73.98788205,17661,0.35
123,W 45 St & 8 Ave,40.75929124,-73.98859651,17581,0.35
124,Broadway & W 37 St,40.75172632,-73.98753523,17560,0.35
125,W 42 St & 8 Ave,40.7575699,-73.99098507,17487,0.35
126,Metropolitan Ave & Bedford Ave,40.71534825,-73.96024116,17342,0.35
127,E 12 St & 3 Ave,40.73223272,-73.98889957,17265,0.35
128,W 43 St & 10 Ave,40.76009437,-73.99461843,17167,0.35
129,S 5 Pl & S 5 St,40.710451,-73.960876,17101,0.35
130,Mercer St & Spring St,40.72362738,-73.99949601,17079,0.35
131,Broadway & Battery Pl,40.70463334,-74.01361706,17066,0.35
132,Forsyth St & Canal St,40.7158155,-73.99422366,16947,0.35
133,1 Ave & E 78 St,40.77140426,-73.9535166,16881,0.35
134,E 33 St & 5 Ave,40.74765947,-73.98490707,16777,0.35
135,Greenwich Ave & Charles St,40.735238,-74.000271,16724,0.35
136,Fulton St & Broadway,40.711066,-74.009447,16688,0.35
137,W 15 St & 10 Ave,40.74275383,-74.00747359,16650,0.35
138,Stanton St & Chrystie St,40.72229346,-73.99147535,16617,0.35
139,6 Ave & Broome St,40.72430832,-74.00473036,16616,0.35
140,Lispenard St & Broadway,40.71939226,-74.00247214,16586,0.35
141,1 Ave & E 62 St,40.7612274,-73.96094022,16581,0.35
142,Kent Ave & N 7 St,40.72036775,-73.96165073,16576,0.35
143,Central Park West & W 85 St,40.78472675,-73.96961715,16445,0.35
144,W 42 St & Dyer Ave,40.75898481,-73.99379969,16381,0.35
145,W 52 St & 11 Ave,40.76727216,-73.99392888,16326,0.35
146,W 11 St & 6 Ave,40.73532427,-73.99800419,16324,0.35
147,W 47 St & 10 Ave,40.76269882,-73.99301222,16313,0.35
148,Howard St & Centre St,40.71910537,-73.99973337,16276,0.35
149,W 63 St & Broadway,40.77163851,-73.98261428,16203,0.35
150,E 41 St & Madison Ave,40.75216528,-73.97992194,16129,0.3
151,E 30 St & Park Ave S,40.74444921,-73.98303529,16124,0.3
152,N 6 St & Bedford Ave,40.71745169,-73.95850939,16097,0.3
153,E 58 St & 3 Ave,40.76095756,-73.96724467,15887,0.3
154,Broadway & W 38 St,40.75299641,-73.98721619,15880,0.3
155,E 11 St & Avenue B,40.72746421,-73.97950418,15849,0.3
156,W 37 St & 10 Ave,40.75660359,-73.9979009,15846,0.3
157,E 9 St & Avenue C,40.72521311,-73.97768752,15742,0.3
158,W 46 St & 11 Ave,40.76341379,-73.99667444,15742,0.3
159,S 4 St & Wythe Ave,40.71285887,-73.96590294,15604,0.3
160,Liberty St & Broadway,40.70905623,-74.01043382,15473,0.3
161,Grove St PATH,40.71958612,-74.04311746,15421,0.3
162,9 Ave & W 28 St,40.74937024,-73.99923384,15291,0.3
163,Lexington Ave & E 29 St,40.74311555,-73.98215353,15229,0.3
164,MacDougal St & Washington Sq,40.73226398,-73.99852205,15206,0.3
165,W 43 St & 6 Ave,40.75527307,-73.98316936,15204,0.3
166,Jay St & York St,40.70140317,-73.9867267,15151,0.3
167,E 27 St & 1 Ave,40.739445,-73.976806,15150,0.3
168,Norfolk St & Broome St,40.7172274,-73.98802084,15074,0.3
169,Central Park W & W 96 St,40.79127,-73.964839,15046,0.3
170,1 Ave & E 30 St,40.74144387,-73.97536082,14993,0.3
171,Suffolk St & Stanton St,40.72066442,-73.98517977,14974,0.3
172,Watts St & Greenwich St,40.72405549,-74.00965965,14921,0.3
173,Broadway & W 53 St,40.76344058,-73.98268129,14911,0.3
174,Washington Pl & Broadway,40.72903917,-73.99404649,14865,0.3
175,E 16 St & Irving Pl,40.73536706,-73.98797393,14815,0.3
176,Bank St & Hudson St,40.73652889,-74.00618026,14815,0.3
177,W 37 St & 5 Ave,40.75038009,-73.98338988,14765,0.3
178,W 15 St & 6 Ave,40.73804614,-73.99642959,14732,0.3
179,5 Ave & E 78 St,40.77632142,-73.96427393,14673,0.3
180,E 19 St & 3 Ave,40.73624527,-73.98473765,14609,0.3
181,W 53 St & 10 Ave,40.76669671,-73.99061728,14571,0.3
182,University Pl & E 8 St,40.73143724,-73.99490342,14412,0.3
183,Hanson Pl & Ashland Pl,40.68506807,-73.9779076,14290,0.3
184,Murray St & Greenwich St,40.71485151,-74.01122332,14256,0.3
185,Old Fulton St,40.70277159,-73.99383605,14254,0.3
186,6 Ave & W 33 St,40.74901271,-73.98848395,14234,0.3
187,Broadway & W 51 St,40.76228826,-73.98336183,14143,0.3
188,Greenwich Ave & 8 Ave,40.73901691,-74.00263761,13877,0.3
189,Wythe Ave & Metropolitan Ave,40.716887,-73.963198,13849,0.3
190,W 44 St & 5 Ave,40.75500254,-73.98014437,13826,0.3
191,Central Park North & Adam Clayton Powell Blvd,40.799484,-73.955613,13790,0.3
192,E 25 St & 1 Ave,40.7381765,-73.97738662,13718,0.3
193,Barclay St & Church St,40.71291224,-74.01020234,13487,0.3
194,Murray St & West St,40.7149787,-74.013012,13479,0.25
195,1 Ave & E 44 St,40.75001986,-73.96905301,13439,0.25
196,W 67 St & Broadway,40.77492513,-73.98266566,13428,0.25
197,Central Park West & W 76 St,40.77896784,-73.97374737,13371,0.25
198,Peck Slip & Front St,40.707873,-74.00167,13343,0.25
199,Bank St & Washington St,40.7361967,-74.00859207,13315,0.25
200,E 10 St & 5 Ave,40.73331967,-73.99510132,13314,0.25
201,E 45 St & 3 Ave,40.75255434,-73.97282625,13279,0.25
202,West Drive & Prospect Park West,40.66106337,-73.97945255,13135,0.25
203,Henry St & Grand St,40.714215,-73.981346,13077,0.25
204,Bayard St & Baxter St,40.71602118,-73.99974372,12978,0.25
205,Bergen St & Smith St,40.6867443,-73.99063168,12961,0.25
206,W 18 St & 9 Ave,40.74353373,-74.00367558,12883,0.25
207,E 2 St & Avenue C,40.7208736,-73.98085795,12869,0.25
208,E 52 St & 2 Ave,40.756014,-73.967416,12736,0.25
209,E 43 St & 5 Ave,40.75412081,-73.98025185,12511,0.25
210,Front St & Washington St,40.70255088,-73.98940236,12488,0.25
211,Milton St & Franklin St,40.72906,-73.95779,12471,0.25
212,Rivington St & Chrystie St,40.72110063,-73.9919254,12469,0.25
213,E 53 St & 3 Ave,40.75763228,-73.96930575,12361,0.25
214,E 47 St & 2 Ave,40.75323098,-73.97032517,12298,0.25
215,E 72 St & York Ave,40.76663814,-73.95348296,12285,0.25
216,W 54 St & 9 Ave,40.76584941,-73.98690506,12157,0.25
217,E 53 St & Madison Ave,40.7597108,-73.97402311,12023,0.25
218,Division St & Bowery,40.71413089,-73.9970468,11966,0.25
219,Clark St & Henry St,40.69760127,-73.99344559,11882,0.25
220,W 59 St & 10 Ave,40.770513,-73.988038,11786,0.25
221,W 56 St & 10 Ave,40.768254,-73.988639,11673,0.25
222,W 70 St & Amsterdam Ave,40.77748046,-73.98288594,11627,0.25
223,Fulton St & Adams St,40.69241829,-73.98949474,11611,0.25
224,W 64 St & Thelonious Monk Circle,40.77515953,-73.98918696,11582,0.25
225,Rivington St & Ridge St,40.71850211,-73.98329859,11554,0.25
226,Columbus Ave & W 95 St,40.7919557,-73.968087,11515,0.25
227,West Thames St,40.70834698,-74.01713445,11508,0.25
228,Hudson St & Reade St,40.71625008,-74.0091059,11453,0.25
229,Riverside Blvd & W 67 St,40.77750703,-73.98888588,11351,0.25
230,Stanton St & Norfolk St,40.720747,-73.986274,11235,0.25
231,Amsterdam Ave & W 79 St,40.7829391,-73.9786517,11231,0.25
232,E 6 St & Avenue D,40.72228087,-73.97668709,11173,0.25
233,Lenox Ave & W 111 St,40.7987859,-73.9523,11164,0.25
234,E 51 St & Lexington Ave,40.75714758,-73.97207836,11096,0.25
235,Amsterdam Ave & W 82 St,40.78524672,-73.97667321,11024,0.25
236,9 Ave & W 22 St,40.7454973,-74.00197139,10964,0.25
237,Riverside Dr & W 72 St,40.78057799,-73.98562431,10909,0.25
238,W 82 St & Central Park West,40.78275,-73.97137,10785,0.2
239,E 84 St & 3 Ave,40.77755374,-73.9551276,10695,0.2
240,Perry St & Bleecker St,40.73535398,-74.00483091,10656,0.2
241,Driggs Ave & N 9 St,40.71816969,-73.95520136,10634,0.2
242,Atlantic Ave & Furman St,40.69165183,-73.9999786,10624,0.2
243,E 59 St & Madison Ave,40.76350532,-73.97109243,10607,0.2
244,Pike St & E Broadway,40.71406667,-73.99293911,10461,0.2
245,Broadway & W 32 St,40.74854862,-73.98808416,10399,0.2
246,W 35 St & Dyer Ave,40.75469175,-73.99740189,10385,0.2
247,South St & Whitehall St,40.70122128,-74.01234218,10385,0.2
248,Front St & Maiden Ln,40.70530954,-74.00612572,10328,0.2
249,Bus Slip & State St,40.701907,-74.013942,10288,0.2
250,Grand Army Plaza & Plaza St West,40.6729679,-73.97087984,10210,0.2
251,S 3 St & Bedford Ave,40.71260486,-73.96264403,10179,0.2
252,E 55 St & Lexington Ave,40.75968085,-73.97031366,10146,0.2
253,Berry St & N 8 St,40.7190095,-73.95852515,10132,0.2
254,Franklin St & W Broadway,40.71911552,-74.00666661,10099,0.2
255,Willoughby St & Fleet St,40.69196566,-73.9813018,10066,0.2
256,Vernon Blvd & 50 Ave,40.74232744,-73.95411749,9995,0.2
257,E 74 St & 1 Ave,40.7689738,-73.95482273,9897,0.2
258,E 48 St & 3 Ave,40.7546011,-73.97187886,9896,0.2
259,W 95 St & Broadway,40.7937704,-73.971888,9895,0.2
260,W 76 St & Columbus Ave,40.78018397,-73.97728533,9888,0.2
261,Park Ave & E 124 St,40.8045555,-73.9396861,9842,0.2
262,Queens Plaza North & Crescent St,40.75110165,-73.94073717,9827,0.2
263,Fulton St & William St,40.70955958,-74.00653609,9795,0.2
264,Broadway & Berry St,40.71044554,-73.96525063,9720,0.2
265,2 Ave & E 72 St,40.76876203,-73.95840794,9679,0.2
266,E 5 St & Avenue C,40.72299208,-73.97995466,9660,0.2
267,W 84 St & Columbus Ave,40.78499979,-73.97283406,9572,0.2
268,E 55 St & 2 Ave,40.75797322,-73.96603308,9516,0.2
269,Dean St & 4 Ave,40.68312489,-73.97895137,9449,0.2
270,Bedford Ave & Nassau Ave,40.72311651,-73.95212324,9437,0.2
271,Clinton Ave & Myrtle Ave,40.693261,-73.968896,9418,0.2
272,Lawrence St & Willoughby St,40.69236178,-73.98631746,9385,0.2
273,Pearl St & Hanover Square,40.7047177,-74.00926027,9379,0.2
274,Court St & State St,40.6902375,-73.99203074,9375,0.2
275,E 55 St & 3 Ave,40.75899656,-73.96865398,9365,0.2
276,Cadman Plaza E & Red Cross Pl,40.69991755,-73.98971773,9253,0.2
277,Avenue C & E 18 St,40.730563,-73.973984,9233,0.2
278,Old Slip & Front St,40.7037992,-74.00838676,9224,0.2
279,2 Ave & E 96 St,40.7839636,-73.9471673,9210,0.2
280,Central Park West & W 100 St,40.79406661,-73.96286845,9160,0.2
281,Avenue D & E 3 St,40.72082834,-73.97793172,9136,0.2
282,5 Ave & E 103 St,40.7922553,-73.95249933,9127,0.2
283,Leonard St & Church St,40.717571,-74.005549,9023,0.2
284,Washington Pl & 6 Ave,40.73224119,-74.00026394,8987,0.2
285,W 50 St & 9 Ave,40.76360468,-73.98917958,8956,0.2
286,Schermerhorn St & Bond St,40.68841743,-73.98451656,8927,0.2
287,Hicks St & Montague St,40.69512845,-73.99595065,8904,0.2
288,Lexington Ave & E 36 St,40.74757396,-73.97880077,8861,0.2
289,Meserole Ave & Manhattan Ave,40.72708584,-73.95299117,8843,0.2
290,Jay St & Tech Pl,40.695065,-73.987167,8843,0.2
291,Spruce St & Nassau St,40.71146364,-74.00552427,8801,0.2
292,Bond St & Fulton St,40.68962189,-73.98304269,8793,0.2
293,Lexington Ave & E 63 St,40.76440023,-73.96648977,8777,0.2
294,Reade St & Broadway,40.71450451,-74.00562789,8765,0.2
295,Park Pl & Church St,40.71334184,-74.00935516,8761,0.2
296,Clinton St & Joralemon St,40.69239502,-73.99337909,8718,0.2
297,E 84 St & 1 Ave,40.77565541,-73.95068615,8716,0.2
298,Graham Ave & Conselyea St,40.715143,-73.944507,8685,0.2
299,E 51 St & 1 Ave,40.75455731,-73.96592976,8658,0.2
300,W 89 St & Columbus Ave,40.7882213,-73.97041561,8652,0.2
301,Cherry St,40.71219906,-73.97948148,8620,0.2
302,Nassau Ave & Russell St,40.72557,-73.94434,8560,0.2
303,Centre St & Worth St,40.71494807,-74.00234482,8498,0.2
304,W 100 St & Broadway,40.7973721,-73.97041192,8467,0.2
305,W 84 St & Broadway,40.7867947,-73.977112,8433,0.2
306,Cliff St & Fulton St,40.70831794,-74.00504082,8413,0.2
307,Catherine St & Monroe St,40.71117444,-73.99682619,8387,0.2
308,St James Pl & Oliver St,40.71307916,-73.99851193,8382,0.2
309,Maiden Ln & Pearl St,40.70706456,-74.00731853,8362,0.2
310,William St & Pine St,40.70717936,-74.00887308,8324,0.2
311,DeKalb Ave & Hudson Ave,40.689888,-73.981013,8302,0.2
312,W 45 St & 6 Ave,40.7568001,-73.98291153,8213,0.2
313,3 St & Prospect Park West,40.668132,-73.97363831,8200,0.2
314,E 91 St & 2 Ave,40.7811223,-73.94965589,8198,0.2
315,W 55 St & 6 Ave,40.76309387,-73.97835016,8135,0.2
316,Madison Ave & E 82 St,40.7781314,-73.96069399,8110,0.2
317,Plaza St West & Flatbush Ave,40.6750207,-73.97111473,8103,0.2
318,Cadman Plaza West & Montague St,40.69383,-73.990539,8025,0.15
319,Avenue D & E 8 St,40.72368361,-73.97574813,8015,0.15
320,Columbia St & Rivington St,40.71739973,-73.98016555,7984,0.15
321,Berkeley Pl & 7 Ave,40.67514684,-73.97523209,7979,0.15
322,Pike St & Monroe St,40.71173107,-73.99193043,7944,0.15
323,Broadway & Roebling St,40.70924826,-73.96063149,7918,0.15
324,7 Ave & Park Pl,40.6776147,-73.97324283,7876,0.15
325,5 Ave & E 63 St,40.766368,-73.971518,7847,0.15
326,Madison St & Clinton St,40.71269042,-73.98776323,7801,0.15
327,Kent Ave & S 11 St,40.70764494,-73.96841526,7781,0.15
328,E 43 St & 2 Ave,40.75022392,-73.97121414,7731,0.15
329,N 12 St & Bedford Ave,40.72079821,-73.95484712,7701,0.15
330,W 78 St & Broadway,40.78339981,-73.98093133,7697,0.15
331,Union Ave & N 12 St,40.71924,-73.95242,7599,0.15
332,Grand St & Havemeyer St,40.71286844,-73.95698119,7587,0.15
333,Hamilton Park,40.72759597,-74.04424731,7568,0.15
334,Water - Whitehall Plaza,40.70255065,-74.0127234,7519,0.15
335,Pearl St & Anchorage Pl,40.70281858,-73.98765762,7495,0.15
336,Duane St & Greenwich St,40.71748752,-74.0104554,7488,0.15
337,E 88 St & 1 Ave,40.778301,-73.9488134,7470,0.15
338,Henry St & Atlantic Ave,40.69089272,-73.99612349,7442,0.15
339,Broadway & W 36 St,40.75097711,-73.98765428,7407,0.15
340,John St & William St,40.70862144,-74.00722156,7390,0.15
341,Duffield St & Willoughby St,40.69221589,-73.9842844,7321,0.15
342,E 102 St & 1 Ave,40.7869946,-73.94164802,7215,0.15
343,W 106 St & Central Park West,40.7981856,-73.9605909,7181,0.15
344,E 47 St & 1 Ave,40.75206862,-73.96784384,7166,0.15
345,E 89 St & 3 Ave,40.7806284,-73.9521667,7163,0.15
346,McGuinness Blvd & Eagle St,40.73555,-73.95284,7101,0.15
347,Carroll St & Smith St,40.680611,-73.99475825,7100,0.15
348,5 Ave & E 93 St,40.7857851,-73.957481,7086,0.15
349,DeKalb Ave & Vanderbilt Ave,40.68940747,-73.96885458,7083,0.15
350,Madison St & Montgomery St,40.713126,-73.984844,7059,0.15
351,E 81 St & York Ave,40.7728384,-73.94989233,7042,0.15
352,3 Ave & E 62 St,40.76312584,-73.96526895,7034,0.15
353,Riverside Dr & W 82 St,40.78720869,-73.98128127,7014,0.15
354,Lafayette Ave & Fort Greene Pl,40.68691865,-73.976682,6952,0.15
355,Harrison St & Hudson St,40.71870987,-74.0090009,6947,0.15
356,Greenpoint Ave & Manhattan Ave,40.73026,-73.95394,6882,0.15
357,Stanton St & Mangin St,40.71782143,-73.97628939,6828,0.15
358,W 17 St & 8 Ave,40.74177603,-74.00149746,6826,0.15
359,Huron St & Franklin St,40.73266,-73.95826,6824,0.15
360,E 58 St &  1 Ave (NW Corner),40.759125,-73.962658,6812,0.15
361,Market St & Cherry St,40.71076228,-73.99400398,6803,0.15
362,Frederick Douglass Blvd & W 117 St,40.805159,-73.954692,6799,0.15
363,Metropolitan Ave & Meeker Ave,40.71413311,-73.95234386,6799,0.15
364,W 74 St & Columbus Ave,40.7785669,-73.97754961,6793,0.15
365,Eastern Pkwy & Franklin Ave,40.6707767,-73.9576801,6777,0.15
366,Adelphi St & Myrtle Ave,40.69308257,-73.97178913,6775,0.15
367,Frederick Douglass Blvd & W 112 St,40.801694,-73.957145,6705,0.15
368,Lafayette Ave & St James Pl,40.68851534,-73.9647628,6704,0.15
369,E 81 St & 2 Ave,40.77477945,-73.95427465,6694,0.15
370,Willoughby Ave & Hall St,40.69196035,-73.96536851,6683,0.15
371,Cathedral Pkwy & Broadway,40.804213,-73.96699104,6674,0.15
372,Bialystoker Pl & Delancey St,40.71622644,-73.98261206,6674,0.15
373,Park Pl & Vanderbilt Ave,40.6767,-73.969024,6670,0.15
374,E 97 St & Madison Ave,40.787801,-73.953559,6639,0.15
375,DeKalb Ave & S Portland Ave,40.68981035,-73.97493121,6578,0.15
376,46 Ave & 5 St,40.74731,-73.95451,6572,0.15
377,Schermerhorn St & Court St,40.69102926,-73.99183363,6546,0.15
378,Hope St & Union Ave,40.71167351,-73.95141312,6526,0.15
379,Riverside Dr & W 78 St,40.78414472,-73.98362492,6519,0.15
380,W 87 St & Amsterdam Ave,40.78839,-73.9747,6515,0.15
381,E 72 St & Park Ave,40.77118288,-73.96409422,6477,0.15
382,State St & Smith St,40.68926942,-73.98912867,6477,0.15
383,E 77 St & 3 Ave,40.77314236,-73.95856158,6417,0.15
384,E 84 St & Park Ave,40.77862688,-73.95772073,6398,0.15
385,Leonard St & Nassau Ave,40.72395678,-73.94984365,6370,0.15
386,Lafayette Ave & Classon Ave,40.68900443,-73.96023854,6352,0.15
387,Broadway & Moylan Pl,40.8143256,-73.9590255,6289,0.15
388,E 65 St & 2 Ave,40.76471852,-73.9622207,6259,0.15
389,Amsterdam Ave & W 66 St,40.7746671,-73.98470567,6234,0.15
390,Flushing Ave & Vanderbilt Ave,40.69795032,-73.9707756,6195,0.15
391,W 92 St & Broadway,40.7921,-73.9739,6149,0.15
392,Sip Ave,40.7308971,-74.06391263,6125,0.15
393,5 Ave & 3 St,40.6728155,-73.98352355,6124,0.15
394,India St & Manhattan Ave,40.73232194,-73.9550858,6118,0.15
395,Cumberland St & Lafayette Ave,40.68753406,-73.97265183,6113,0.15
396,31 St & 23 Ave,40.7747878,-73.9125551,6099,0.15
397,Congress St & Clinton St,40.6881529,-73.99520919,6074,0.15
398,Roebling St & N 4 St,40.71469,-73.95739,6069,0.15
399,E 76 St & Park Ave,40.773763,-73.96222088,6056,0.15
400,E 75 St & 3 Ave,40.77112927,-73.95772297,6038,0.15
401,Driggs Ave & N Henry St,40.72325,-73.94308,6036,0.15
402,Bergen St & Vanderbilt Ave,40.6794388,-73.9680438,6007,0.15
403,Avenue D & E 12 St,40.72580614,-73.97422494,5987,0.15
404,W 88 St & West End Ave,40.79025417,-73.9771834,5965,0.15
405,West End Ave & W 94 St,40.7941654,-73.974124,5900,0.15
406,3 Ave & Schermerhorn St,40.68683208,-73.9796772,5898,0.15
407,Pleasant Ave & E 116 St,40.7949879,-73.9333349,5893,0.15
408,Macon St & Nostrand Ave,40.68098339,-73.95004798,5877,0.15
409,E 110 St & Madison Ave,40.7961535,-73.94782145,5839,0.15
410,Fulton St & Waverly Ave,40.68323865,-73.96599591,5836,0.15
411,W 12 St & W 4 St,40.73756121,-74.00398269,5831,0.15
412,Nassau Ave & Newell St,40.72481256,-73.94752622,5771,0.15
413,Stagg St & Union Ave,40.70877084,-73.95095259,5764,0.15
414,Newport PATH,40.7272235,-74.0337589,5753,0.15
415,Henry St & Degraw St,40.6847514,-73.99917254,5753,0.15
416,St Nicholas Ave & Manhattan Ave,40.809725,-73.953149,5719,0.15
417,1 Ave & E 94 St,40.7817212,-73.94594,5718,0.15
418,Atlantic Ave & Fort Greene Pl,40.68382604,-73.97632328,5716,0.15
419,W 100 St & Manhattan Ave,40.795,-73.9645,5703,0.15
420,Prospect Park West & 8 St,40.66514682,-73.97637606,5610,0.15
421,3 St & 7 Ave,40.6703837,-73.97839676,5606,0.15
422,W 110 St & Amsterdam Ave,40.802692,-73.96295,5594,0.15
423,44 Dr & Jackson Ave,40.74718234,-73.9432635,5579,0.15
424,Harborside,40.7192517,-74.034234,5546,0.15
425,Washington Ave & Park Ave,40.69610226,-73.96751037,5534,0.15
426,Devoe St & Lorimer St,40.71335226,-73.94910336,5508,0.15
427,Banker St & Meserole Ave,40.72606,-73.95621,5480,0.15
428,Riverside Dr & W 104 St,40.8013434,-73.97114574,5477,0.15
429,Bergen St & Flatbush Ave,40.68094472,-73.97567332,5459,0.15
430,Lenox Ave & W 126 St,40.808442,-73.9452087,5454,0.15
431,E 89 St & York Ave,40.7779453,-73.946041,5450,0.15
432,Carroll St & 6 Ave,40.6740886,-73.9787282,5444,0.15
433,Johnson St & Gold St,40.69474881,-73.98362464,5436,0.15
434,E 81 St & 3 Ave,40.77573034,-73.9567526,5426,0.15
435,Douglass St & 3 Ave,40.6802133,-73.98432695,5358,0.1
436,Union St & 4 Ave,40.6772744,-73.98282002,5352,0.1
437,31 St & Newtown Ave,40.76754878,-73.92093346,5345,0.1
438,E 78 St & 2 Ave,40.7727966,-73.95577801,5326,0.1
439,Front St & Gold St,40.70224,-73.982578,5318,0.1
440,Riverside Dr & W 91 St,40.79313481,-73.97700369,5252,0.1
441,Kane St & Clinton St,40.6861758,-73.99645295,5246,0.1
442,Franklin Ave & Empire Blvd,40.66314,-73.9605695,5238,0.1
443,Lenox Ave & W 117 St,40.8025566,-73.9490782,5223,0.1
444,Emerson Pl & Myrtle Ave,40.69363137,-73.96223558,5208,0.1
445,Richardson St & N Henry St,40.71907891,-73.9422369,5195,0.1
446,E 91 St & Park Ave,40.7835016,-73.955327,5187,0.1
447,Baltic St & 5 Ave,40.6795766,-73.97854971,5171,0.1
448,Washington Park,40.6917823,-73.9737299,5129,0.1
449,Franklin St & Dupont St,40.73564,-73.95866,5112,0.1
450,Underhill Ave & Lincoln Pl,40.6740123,-73.9671457,5090,0.1
451,Scholes St & Manhattan Ave,40.70870368,-73.9448625,5080,0.1
452,6 Ave & 9 St,40.668127,-73.98377641,5066,0.1
453,E 58 St & 1 Ave (NE Corner),40.75892386,-73.96226227,5044,0.1
454,Graham Ave & Grand St,40.711863,-73.944024,5038,0.1
455,Lenox Ave & W 130 St,40.8107922,-73.9430681,4948,0.1
456,Classon Ave & St Marks Ave,40.6765198,-73.9596082,4941,0.1
457,Eastern Pkwy & Washington Ave,40.6716493,-73.9631145,4906,0.1
458,E 82 St & East End Ave,40.7724607,-73.9468208,4874,0.1
459,31 St & Broadway,40.761584,-73.925921,4871,0.1
460,Myrtle Ave & Lewis Ave,40.69681963,-73.93756926,4865,0.1
461,Smith St & 9 St,40.6746957,-73.99785768,4845,0.1
462,S 4 St & Rodney St,40.70934,-73.95608,4838,0.1
463,E 88 St & Park Ave,40.7814107,-73.95595908,4820,0.1
464,N 11 St & Kent Ave,40.72248189,-73.95921931,4818,0.1
465,Carroll St & 5 Ave,40.6751622,-73.9814832,4817,0.1
466,Montrose Ave & Bushwick Ave,40.70767788,-73.94016171,4814,0.1
467,West End Ave & W 107 St,40.8021174,-73.96818053,4814,0.1
468,Carlton Ave & Dean St,40.6809741,-73.9710097,4804,0.1
469,W 90 St & Amsterdam Ave,40.79017948,-73.97288918,4799,0.1
470,3 St & 3 Ave,40.6750705,-73.98775226,4795,0.1
471,Fulton St & Grand Ave,40.68223166,-73.9614583,4785,0.1
472,E 68 St & 3 Ave,40.7671284,-73.96224618,4780,0.1
473,Carroll St & Bond St,40.6786115,-73.99037292,4765,0.1
474,Cadman Plaza E & Johnson St,40.69531728,-73.99015725,4748,0.1
475,Frederick Douglass Blvd & W 115 St,40.8038654,-73.9559308,4740,0.1
476,1 Ave & E 110 St,40.7923272,-73.9383,4739,0.1
477,Monroe St & Bedford Ave,40.6851443,-73.95380904,4725,0.1
478,W 106 St & Amsterdam Ave,40.8008363,-73.96644925,4706,0.1
479,S Portland Ave & Hanson Pl,40.68539567,-73.97431458,4692,0.1
480,Driggs Ave & Lorimer St,40.72179134,-73.9504154,4684,0.1
481,34 Ave & 38 St,40.756913,-73.921631,4664,0.1
482,Clinton St & Union St,40.6831164,-73.99785267,4636,0.1
483,Bond St & Bergen St,40.6849668,-73.98620772,4635,0.1
484,Grand Ave & Bergen St,40.678045,-73.962408,4632,0.1
485,St James Pl & Pearl St,40.71117416,-74.00016545,4600,0.1
486,45 Rd & 11 St,40.74708586,-73.94977234,4593,0.1
487,Bedford Ave & Bergen St,40.676368,-73.952918,4581,0.1
488,Broad St & Bridge St,40.70365182,-74.01167797,4575,0.1
489,E 85 St & York Ave,40.77536905,-73.94803392,4558,0.1
490,E 93 St & 2 Ave,40.78245418,-73.94891962,4532,0.1
491,Warren St & Court St,40.686371,-73.99383324,4444,0.1
492,2 Ave & E 104 St,40.7892105,-73.94370784,4437,0.1
493,14 St & 7 Ave,40.663779,-73.98396846,4402,0.1
494,E 60 St & York Ave,40.759107,-73.959223,4399,0.1
495,Lexington Ave & Classon Ave,40.68676793,-73.95928168,4395,0.1
496,Garfield Pl & 8 Ave,40.6711978,-73.97484126,4393,0.1
497,Carlton Ave & Flushing Ave,40.697787,-73.973736,4383,0.1
498,Degraw St & Smith St,40.6829151,-73.99318208,4377,0.1
499,Clermont Ave & Lafayette Ave,40.68764484,-73.96968902,4376,0.1
500,St Johns Pl & Washington Ave,40.6737236,-73.9631611,4376,0.1
501,Laight St & Hudson St,40.72185379,-74.00771779,4375,0.1
502,Madison Ave & E 99 St,40.78948542,-73.95242929,4363,0.1
503,Washington Ave & Greene Ave,40.68650065,-73.96563307,4345,0.1
504,9 Ave & W 18 St,40.74317449,-74.00366443,4341,0.1
505,Marin Light Rail,40.71458404,-74.04281706,4298,0.1
506,St. Nicholas Ave & W 126 St,40.8114323,-73.9518776,4277,0.1
507,10 St & 7 Ave,40.6662078,-73.98199886,4256,0.1
508,Soissons Landing,40.69231661,-74.01486576,4239,0.1
509,Smith St & 3 St,40.6787242,-73.99599099,4211,0.1
510,W 104 St & Amsterdam Ave,40.79904139,-73.9664948,4198,0.1
511,E 103 St & Lexington Ave,40.7903051,-73.94755757,4194,0.1
512,Pacific St & Nevins St,40.6853761,-73.98302136,4183,0.1
513,44 Dr & 21 St,40.748,-73.9460927,4166,0.1
514,E 68 St & Madison Ave,40.7691572,-73.96703464,4152,0.1
515,Nassau St & Navy St,40.69839895,-73.98068914,4145,0.1
516,Bayard St & Leonard St,40.71915572,-73.94885391,4072,0.1
517,Douglass St & 4 Ave,40.6792788,-73.98154004,4051,0.1
518,3 Ave & E 72 St,40.7699426,-73.96060712,4035,0.1
519,Columbia St & Degraw St,40.6859296,-74.00242364,4034,0.1
520,14 St & 5 Ave,40.666287,-73.98895053,4027,0.1
521,Van Brunt St & Van Dyke St,40.67583294,-74.01472628,3986,0.1
522,Carroll St & Columbia St,40.6830456,-74.00348559,3966,0.1
523,E 58 St & Madison Ave,40.76302594,-73.97209525,3958,0.1
524,Central Park West & W 102 St,40.795346,-73.96186,3944,0.1
525,W 113 St & Broadway,40.805973,-73.964928,3938,0.1
526,Graham Ave & Withers St,40.7169811,-73.94485918,3920,0.1
527,1 Pl & Clinton St,40.6809591,-73.99905709,3908,0.1
528,W 116 St & Broadway,40.8082,-73.9641,3901,0.1
529,Wyckoff St & 3 Ave,40.6827549,-73.98258555,3864,0.1
530,Union St & Nevins St,40.679098,-73.98765475,3860,0.1
531,Dean St & Franklin Ave,40.67759207,-73.95563722,3844,0.1
532,E 66 St & Madison Ave,40.76800889,-73.96845281,3805,0.1
533,Columbia St & Kane St,40.68763155,-74.0016256,3789,0.1
534,E 67 St & Park Ave,40.7678008,-73.96592081,3786,0.1
535,Leonard St & Maujer St,40.71036854,-73.94705951,3762,0.1
536,Prospect Pl & 6 Ave,40.6793307,-73.97519523,3747,0.1
537,Pierrepont St & Monroe Pl,40.69535693,-73.99344027,3744,0.1
538,Yankee Ferry Terminal,40.686931,-74.016966,3743,0.1
539,3 Ave & E 95 St,40.7845968,-73.94968539,3740,0.1
540,Center Blvd & 51 Ave,40.74336608,-73.95960689,3717,0.1
541,Exchange Place,40.7162469,-74.0334588,3708,0.1
542,Bushwick Ave & Powers St,40.71247661,-73.94100005,3692,0.1
543,Vernon Blvd & 47 Rd,40.7449067,-73.9534573,3689,0.1
544,Prospect Pl & Underhill Ave,40.6769694,-73.96579,3682,0.1
545,Newport Pkwy,40.7287448,-74.0321082,3681,0.1
546,Dean St & Hoyt St,40.6864442,-73.98759104,3672,0.1
547,W 116 St & Amsterdam Ave,40.8067581,-73.9607082,3664,0.1
548,E 11 St & Broadway,40.73261787,-73.99158043,3653,0.1
549,Underhill Ave & Pacific St,40.6804836,-73.9646795,3615,0.1
550,E 12 St & 4 Av,40.73269,-73.98974,3609,0.1
551,India St & West St,40.73181402,-73.95995021,3606,0.1
552,City Hall,40.7177325,-74.043845,3589,0.1
553,East End Ave & E 86 St,40.77518615,-73.94446054,3543,0.1
554,Lexington Ave & E 111 St,40.7954121,-73.9441232,3537,0.1
555,Clinton St & 4 Place,40.6783563,-74.00014502,3529,0.1
556,21 St & Queens Plaza North,40.75325964,-73.94335788,3528,0.1
557,Monroe St & Classon Ave,40.6845683,-73.95881081,3519,0.1
558,Newark Ave,40.72152515,-74.04630454,3489,0.1
559,President St & Henry St,40.6828003,-73.99990419,3484,0.1
560,Paulus Hook,40.7141454,-74.0335519,3462,0.1
561,Franklin Ave & St Marks Ave,40.6758324,-73.9561677,3448,0.1
562,Clinton Ave & Flushing Ave,40.69794,-73.96986848,3447,0.1
563,Concord St & Bridge St,40.69766564,-73.98476437,3438,0.1
564,Lefferts Pl & Franklin Ave,40.68034242,-73.95576894,3390,0.1
565,Butler St & Court St,40.6849894,-73.99440329,3389,0.1
566,28 St & 41 Ave,40.751047,-73.93797,3383,0.1
567,Morris Canal,40.71241882,-74.03852552,3378,0.1
568,Carlton Ave & Park Ave,40.69580705,-73.97355569,3377,0.1
569,Sterling Pl & Bedford Ave,40.672695,-73.954131,3376,0.1
570,Kosciuszko St & Tompkins Ave,40.69128258,-73.9452416,3369,0.1
571,Lewis Ave & Madison St,40.686312,-73.935775,3329,0.1
572,Columbia Heights & Cranberry St,40.70037867,-73.99548059,3322,0.1
573,Berkeley Pl & 6 Ave,40.6765304,-73.97846879,3278,0.1
574,4 Ave & 9 St,40.6705135,-73.98876585,3275,0.1
575,W 107 St & Columbus Ave,40.7997568,-73.96211287,3273,0.1
576,Lenox Ave & W 115 St,40.8011939,-73.9500739,3271,0.1
577,Division Av & Hooper St,40.70684203,-73.9544354,3267,0.1
578,6 Ave & 12 St,40.6663181,-73.9854617,3260,0.1
579,Cambridge Pl & Gates Ave,40.68488,-73.96304,3249,0.1
580,Myrtle Ave & St Edwards St,40.69327018,-73.97703874,3240,0.1
581,Monroe St & Tompkins Ave,40.686203,-73.944694,3240,0.1
582,E 106 St & Madison Ave,40.7934337,-73.94945003,3233,0.1
583,Mt Morris Park W & W 120 St,40.804038,-73.945925,3199,0.1
584,Washington St,40.7242941,-74.0354826,3182,0.1
585,Broadway & Whipple St,40.7016657,-73.9437303,3178,0.1
586,W 45 St & 6 Ave -,40.75668721,-73.98257732,3152,0.1
587,E 109 St & 3 Ave,40.79329668,-73.9432083,3149,0.1
588,Fulton St & Clermont Ave,40.68415748,-73.96922273,3137,0.1
589,Liberty Light Rail,40.7112423,-74.0557013,3137,0.1
590,6 St & 7 Ave,40.6686627,-73.97988067,3106,0.1
591,31 Ave & 34 St,40.763154,-73.920827,3088,0.1
592,Clermont Ave & Park Ave,40.69573398,-73.97129668,3085,0.1
593,Adam Clayton Powell Blvd & W 123 St,40.8078316,-73.949373,3070,0.1
594,3 Ave & E 71 St,40.76873687,-73.96119945,3068,0.1
595,E 115 St & Lexington Ave,40.797911,-73.9423,3055,0.1
596,43 St & Broadway,40.7577284,-73.9166368,3053,0.1
597,Degraw St & Hoyt St,40.68199044,-73.99079025,3053,0.1
598,E 102 St & Park Ave,40.7904828,-73.95033068,3053,0.1
599,Union Ave & Jackson St,40.7160751,-73.952029,3040,0.1
600,Pitt St & Stanton St,40.71926081,-73.98178024,3030,0.1
601,E 118 St & 1 Ave,40.79747,-73.93504,3020,0.1
602,Van Vorst Park,40.71848892,-74.04772663,3018,0.1
603,Picnic Point,40.6851256,-74.02535319,2999,0.1
604,Amsterdam Ave & W 125 St,40.813358,-73.956461,2998,0.1
605,N 15 St & Wythe Ave,40.724055,-73.955736,2988,0.1
606,Court St & Nelson St,40.6763947,-73.99869893,2984,0.1
607,Brunswick & 6th,40.72601173,-74.05038893,2973,0.1
608,Warren St,40.7211236,-74.03805095,2965,0.1
609,Jersey & 6th St,40.72528911,-74.04557168,2963,0.1
610,Boerum St & Broadway,40.70538077,-73.94976519,2952,0.1
611,Morningside Ave & W 123 St,40.81,-73.9551508,2950,0.1
612,27 St & Hunter St,40.7485,-73.941275,2938,0.1
613,Center Blvd & 48 Ave,40.745038,-73.957539,2935,0.1
614,Kosciuszko St & Nostrand Ave,40.69072549,-73.95133465,2910,0.1
615,Pioneer St & Van Brunt St,40.679043,-74.011169,2903,0.1
616,Journal Square,40.73367,-74.0625,2875,0.1
617,Jersey & 3rd,40.72333159,-74.04595256,2872,0.1
618,Brunswick St,40.7241765,-74.0506564,2865,0.1
619,Henry St & Poplar St,40.700469,-73.991454,2860,0.1
620,Myrtle Ave & Marcy Ave,40.69539817,-73.94954908,2830,0.1
621,W 120 St & Claremont Ave,40.8109494,-73.9634,2807,0.1
622,Graham Ave & Herbert St,40.71929301,-73.94500379,2787,0.1
623,Halsey St & Tompkins Ave,40.6823687,-73.944118,2781,0.1
624,2 Ave & E 99 St,40.7862586,-73.94552579,2778,0.1
625,Adam Clayton Powell Blvd & W 126 St,40.80949535,-73.94776493,2770,0.1
626,Putnam Ave & Throop Ave,40.6851532,-73.94111,2756,0.1
627,Park Pl & Franklin Ave,40.6741806,-73.9564947,2753,0.1
628,7 St & 5 Ave,40.6704922,-73.98541675,2749,0.1
629,Greene Ave & Nostrand Ave,40.6883337,-73.950916,2748,0.1
630,Bedford Ave & S 9 St,40.70853074,-73.96408963,2726,0.1
631,Verona Pl & Fulton St,40.68035608,-73.9476791,2711,0.1
632,Lewis Ave & Kosciuszko St,40.69237074,-73.93705428,2710,0.1
633,E 118 St & 3 Ave,40.799139,-73.9389152,2698,0.1
634,Hancock St & Bedford Ave,40.68216564,-73.95399026,2692,0.05
635,Willoughby Ave & Walworth St,40.69331716,-73.95381995,2689,0.05
636,Fulton St & Utica Ave,40.6794268,-73.9298911,2672,0.05
637,Columbus Drive,40.7183552,-74.03891444,2670,0.05
638,Van Brunt St & Wolcott St,40.6773429,-74.01275056,2626,0.05
639,Amsterdam Ave & W 119 St,40.8086249,-73.9596214,2610,0.05
640,Crescent St & Broadway,40.7633589,-73.9286471,2608,0.05
641,E 81 St & Park Ave,40.77677702,-73.9590097,2591,0.05
642,E 123 St & Lexington Ave,40.8029263,-73.9379,2587,0.05
643,Franklin Ave & Myrtle Ave,40.69454609,-73.95801365,2567,0.05
644,10 St & 5 Ave,40.6686273,-73.98700053,2529,0.05
645,Fulton St & Rockwell Pl,40.68841,-73.979458,2519,0.05
646,W 45 St & 6 Ave,40.75668721,-73.98257732,2518,0.05
647,Manila & 1st,40.72165072,-74.04288411,2512,0.05
648,3 St & Hoyt St,40.6777287,-73.99364123,2511,0.05
649,Kingston Ave & Herkimer St,40.67890679,-73.94142771,2511,0.05
650,Monmouth and 6th,40.72568548,-74.04879034,2495,0.05
651,E 106 St & Lexington Ave,40.791976,-73.945993,2488,0.05
652,31 Ave & Steinway St,40.7612939,-73.91691685,2479,0.05
653,E 114 St & 1 Ave,40.7945663,-73.9362541,2476,0.05
654,Ditmars Blvd & 19 St,40.78145,-73.9183302,2469,0.05
655,Vernon Blvd & 10 St,40.7671863,-73.9373554,2461,0.05
656,Henry St & Middagh St,40.7003,-73.991581,2449,0.05
657,5 St & 6 Ave,40.6704836,-73.98208968,2448,0.05
658,Adam Clayton Powell Blvd & W 118 St,40.804372,-73.951475,2437,0.05
659,Willoughby Ave & Tompkins Ave,40.69425403,-73.94626915,2433,0.05
660,Eckford St & Engert Ave,40.72146256,-73.94800901,2426,0.05
661,E 106 St & 1 Ave,40.7892529,-73.93956237,2416,0.05
662,Pleasant Ave & E 120 St,40.7974772,-73.9311847,2381,0.05
663,Steinway St & 28 Ave,40.7656251,-73.9136695,2377,0.05
664,Greene Ave & Throop Ave,40.6894932,-73.942061,2370,0.05
665,Frederick Douglass Blvd & W 129 St,40.8125511,-73.9492286,2335,0.05
666,E 116 St & 2 Ave,40.796879,-73.937261,2334,0.05
667,DeKalb Ave & Franklin Ave,40.69064807,-73.95746179,2334,0.05
668,7 St & 3 Ave,40.67260298,-73.98983002,2324,0.05
669,E 118 St & Madison Ave,40.8014866,-73.9442507,2323,0.05
670,Wyckoff Av & Jefferson St,40.707165,-73.923711,2321,0.05
671,Leonard St & Boerum St,40.70583339,-73.94644578,2316,0.05
672,Jackson Ave & 46 Rd,40.74524768,-73.94733276,2305,0.05
673,21 St & 31 Dr,40.7659,-73.930819,2295,0.05
674,Vernon Blvd & 31 Ave,40.7692475,-73.9354504,2294,0.05
675,2 Ave & 36 St - Citi Bike HQ at Industry City,40.65708867,-74.00870204,2287,0.05
676,Newtown Ave & 23 St,40.7713615,-73.9246145,2284,0.05
677,E 115 St & Madison Ave,40.7989445,-73.944846,2244,0.05
678,Coffey St & Conover St,40.677236,-74.015665,2222,0.05
679,Vernon Blvd & 30 Rd,40.770845,-73.934171,2221,0.05
680,JC Medical Center,40.71653978,-74.04963791,2220,0.05
681,Frost St & Meeker Ave,40.71766197,-73.94880027,2217,0.05
682,Lorimer St & Broadway,40.70411791,-73.94818595,2213,0.05
683,Marcus Garvey Blvd & Macon St,40.682601,-73.938037,2207,0.05
684,24 St & 41 Ave,40.7527085,-73.9397405,2203,0.05
685,Adam Clayton Powell Blvd & W 115 St,40.802535,-73.9532423,2184,0.05
686,E 97 St & 3 Ave,40.7859201,-73.94860294,2182,0.05
687,3 Ave & 14 St,40.6685455,-73.99333264,2158,0.05
688,Tompkins Ave & Hopkins St,40.69957608,-73.94708417,2142,0.05
689,Dixon Mills,40.72163014,-74.04996783,2140,0.05
690,Union Ave & Wallabout St,40.70029511,-73.95032283,2139,0.05
691,Astoria Park S & Shore Blvd,40.7767,-73.927631,2129,0.05
692,Marcy Ave & Lafayette Ave,40.6900815,-73.947915,2127,0.05
693,Humboldt St & Varet St,40.7031724,-73.940636,2118,0.05
694,35 Ave & 37 St,40.7557327,-73.9236611,2112,0.05
695,Grand St,40.71517768,-74.03768331,2105,0.05
696,19 St & 24 Ave,40.7774552,-73.9225403,2085,0.05
697,49 Ave & 21 St,40.74252,-73.948852,2068,0.05
698,31 St & Astoria Blvd,40.7699176,-73.9184057,2052,0.05
699,Essex Light Rail,40.7127742,-74.0364857,2044,0.05
700,Broadway & W 122 St,40.8120562,-73.9612547,2039,0.05
701,28 Ave & 35 St,40.7671,-73.9169858,2018,0.05
702,Park Ave & Marcus Garvey Blvd,40.698617,-73.941342,2005,0.05
703,36 Ave & 31 St,40.75651273,-73.92957486,2001,0.05
704,9 St & 44 Rd,40.74966,-73.9521,1991,0.05
705,Lincoln Pl & Classon Ave,40.6721683,-73.9609,1983,0.05
706,McKibbin St & Manhattan Ave,40.70510918,-73.94407279,1982,0.05
707,Fulton St & Rockwell Pl,40.688226,-73.979382,1979,0.05
708,E 128 St & Madison Ave,40.80756,-73.939182,1949,0.05
709,2 Ave & E 122 St,40.8006721,-73.9349,1944,0.05
710,Cedar St & Myrtle Ave,40.697842,-73.926241,1933,0.05
711,McGinley Square,40.72533993,-74.06762213,1933,0.05
712,31 St & Thomson Ave,40.74469738,-73.93540375,1923,0.05
713,Rogers Ave & Sterling St,40.6630619,-73.9538746,1920,0.05
714,5 Ave & E 126 St,40.80698,-73.941747,1903,0.05
715,Cliff St & Fulton St,40.70838,-74.00495,1901,0.05
716,31 Ave & 30 St,40.7647,-73.9240312,1901,0.05
717,Putnam Ave & Nostrand Ave,40.68402,-73.94977,1897,0.05
718,W 129 St & Convent Ave,40.81439444,-73.95324737,1875,0.05
719,Pulaski St & Marcus Garvey Blvd,40.6933982,-73.939877,1873,0.05
720,24 Ave & 26 St,40.774591,-73.918544,1867,0.05
721,E 98 St & Park Ave,40.78813,-73.95206,1862,0.05
722,Nostrand Ave & Myrtle Ave,40.69527008,-73.95238108,1852,0.05
723,35 St & Broadway,40.760339,-73.9222427,1841,0.05
724,28 St & 38 Ave,40.754876,-73.934326,1809,0.05
725,36 Ave & 10 St,40.7614376,-73.9411265,1764,0.05
726,31 Ave & Crescent St,40.7658346,-73.9265474,1764,0.05
727,Pershing Field,40.74267714,-74.05178863,1756,0.05
728,Lexington Ave & E 120 St,40.8013066,-73.9398167,1733,0.05
729,Madison Ave & E 120 St,40.80295,-73.942954,1728,0.05
730,48 Ave & 5 St,40.74436329,-73.95587325,1725,0.05
731,Division Ave & Marcy Ave,40.70708701,-73.95796783,1709,0.05
732,Steinway St & 23 Ave,40.7713937,-73.9077436,1706,0.05
733,34 St & 35 Ave,40.7569332,-73.9262231,1700,0.05
734,28 Ave & 44 St,40.76408932,-73.91065121,1695,0.05
735,McKibbin St & Bogart St,40.706237,-73.933871,1688,0.05
736,47 Ave & 31 St,40.743,-73.93561,1678,0.05
737,Vernon Blvd & 41 Rd,40.7552433,-73.9485678,1668,0.05
738,24 Ave & 29 St,40.7729,-73.916142,1645,0.05
739,3 Ave & E 100 St,40.7877214,-73.94728331,1642,0.05
740,Lewis Ave & Decatur St,40.6814598,-73.934903,1638,0.05
741,Crescent St & 30 Ave,40.768692,-73.9249574,1630,0.05
742,Carroll St & Washington Ave,40.6686744,-73.9618148,1626,0.05
743,Broadway & 12 St,40.7668,-73.9347774,1625,0.05
744,Oakland Ave,40.7376037,-74.0524783,1617,0.05
745,Lexington Ave & E 127 St,40.805726,-73.936322,1613,0.05
746,12 St & 4 Ave,40.668603,-73.9904394,1610,0.05
747,Cliff St & Fulton St (Old),40.70831794,-74.00504082,1602,0.05
748,3 Ave & E 112 St,40.795508,-73.941606,1601,0.05
749,Columbus Ave & W 103 St,40.7969347,-73.96434123,1595,0.05
750,Crescent St & 34 Ave,40.76108,-73.930562,1591,0.05
751,5 St & Market St,40.69999748,-73.97440128,1569,0.05
752,35 St & 34 Ave,40.7580583,-73.9242751,1546,0.05
753,Central Ave & Starr Street,40.700003,-73.92834,1543,0.05
754,Willoughby Ave & Wyckoff Ave,40.705614,-73.92153,1517,0.05
755,Union St & Bedford Ave,40.6691783,-73.9554162,1506,0.05
756,5 St & 51 Ave,40.7423737,-73.9566,1505,0.05
757,White St & Moore St,40.704508,-73.9351,1500,0.05
758,Throop Ave & Myrtle Ave,40.69622937,-73.94371094,1498,0.05
759,Montgomery St,40.71942,-74.05099,1488,0.05
760,Greene Av & Myrtle Av,40.698568,-73.918877,1478,0.05
761,35 Ave & 10 St,40.76315482,-73.9398551,1474,0.05
762,31 St & Northern Blvd,40.75186951,-73.9334929,1470,0.05
763,Newton Rd & 44 St,40.7595701,-73.9142678,1444,0.05
764,Jackson St & Leonard St,40.71638032,-73.94821286,1433,0.05
765,10 Hudson Yards,40.752957,-74.00264,1431,0.05
766,E 118 St & Park Ave,40.8005385,-73.9419949,1430,0.05
767,Park Ave & St Edwards St,40.69608941,-73.97803415,1401,0.05
768,21 St & 43 Ave,40.75052534,-73.94594845,1396,0.05
769,Pacific St & Classon Ave,40.6791944,-73.9587903,1388,0.05
770,Commerce St & Van Brunt St,40.6812117,-74.00860912,1387,0.05
771,Baldwin at Montgomery,40.7236589,-74.0641943,1382,0.05
772,Suydam St & Knickerbocker Ave,40.702013,-73.923769,1378,0.05
773,21 St & Hoyt Ave S,40.774645,-73.923706,1367,0.05
774,Sharon St & Olive St,40.715353,-73.93856,1353,0.05
775,37 Ave & 35 St,40.7531106,-73.9279917,1343,0.05
776,Wyckoff St & Bond St,40.68461654,-73.98721285,1326,0.05
777,3 Ave & Carroll St,40.677027,-73.9865,1322,0.05
778,Crescent St & Ditmars Blvd,40.7787185,-73.9145645,1320,0.05
779,Astor Place,40.7192822,-74.07126188,1318,0.05
780,31 Ave & 14 St,40.7682,-73.9322662,1313,0.05
781,Irving Ave & Jefferson St,40.70538,-73.92535,1267,0.05
782,Brooklyn Bridge Park - Pier 2,40.698458,-73.997178,1265,0.05
783,Sigourney St & Columbia St,40.67267243,-74.00879525,1250,0.05
784,Morningside Dr & Amsterdam Ave,40.81028506,-73.95736456,1243,0.05
785,37 St & 24 Ave,40.7701477,-73.9120938,1222,0.05
786,40 Ave & 9 St,40.75742,-73.945133,1212,0.05
787,George St & Wilson Ave,40.702997,-73.92997,1211,0.05
788,Crescent St & 35 Ave,40.7596276,-73.9321455,1194,0.05
789,34 Ave & 21 St,40.7628138,-73.9342862,1193,0.05
790,York St,40.71649,-74.04105,1180,0.05
791,28 St & 36 Ave,40.757186,-73.932719,1173,0.05
792,30 Ave & 21 St,40.7703743,-73.9286078,1167,0.05
793,Richards St & Delavan St,40.6794327,-74.00785041,1163,0.05
794,39 St & 2 Ave - Citi Bike HQ at Industry City,40.65539977,-74.01062787,1135,0.05
795,31 St & Hoyt Ave N,40.7711528,-73.9170074,1133,0.05
796,Powers St & Olive St,40.71323,-73.93894,1130,0.05
797,Crown St & Bedford Ave,40.666563,-73.956741,1090,0.05
798,Albany Ave & Fulton St,40.6800105,-73.938475,1089,0.05
799,Hilltop,40.7311689,-74.0575736,1086,0.05
800,27 Ave & 9 St,40.7739825,-73.9309134,1085,0.05
801,Fairmount Ave,40.72572614,-74.07195926,1074,0.05
802,Bergen Ave,40.72210379,-74.071455,1064,0.05
803,Lincoln Park,40.7246051,-74.07840595,1061,0.05
804,Central Ave & Flushing Ave,40.702831,-73.9333,1043,0.05
805,23 Ave & 27 St,40.776165,-73.9153175,1019,0.05
806,11 St & 43 Ave,40.7519071,-73.9479119,1002,0.05
807,Columbia St & W 9 St,40.6769993,-74.00647134,993,0.05
808,Clinton St & Centre St,40.67434,-74.00194698,990,0.05
809,Wolcott St & Dwight St,40.6753274,-74.0100698,973,0.05
810,2 Ave & 9 St,40.6724811,-73.99331394,944,0.05
811,Sterling St & Bedford Ave,40.6627059,-73.9569115,941,0.05
812,5 Corners Library,40.73496102,-74.05950308,921,0.05
813,Christ Hospital,40.73478582,-74.05044364,920,0.05
814,Pioneer St & Richards St,40.6777748,-74.0094613,916,0.05
815,Henry St & W 9 St,40.6763744,-74.00324957,908,0.05
816,Dwight St & Van Dyke St,40.67363551,-74.01195556,900,0.05
817,Heights Elevator,40.74871595,-74.0404433,887,0.05
818,48 Ave & 30 Pl,40.74128309,-73.93725872,867,0.05
819,Leonard Gordon Park,40.74590997,-74.05727148,864,0.05
820,Grand St & Greene St,40.72165481,-74.00234737,856,0.05
821,Lafayette Park,40.71346383,-74.06285852,853,0.05
822,Carroll St & Franklin Ave,40.6679411,-73.9588,798,0.05
823,47 Ave & Skillman Ave,40.74375241,-73.94176483,784,0.05
824,Montgomery St & Franklin Ave,40.66643931,-73.96055639,773,0.05
825,Devoe St & Morgan Ave,40.713811,-73.93515,761,0.05
826,Riverview Park,40.7443187,-74.0439909,747,0.05
827,4 Ave & 2 St,40.67461342,-73.98501143,745,0.05
828,Henry St & Bay St,40.6725058,-74.00494695,724,0.05
829,Dock 72 Way & Market St,40.69985,-73.97141,712,0.05
830,Stagg St & Morgan Ave,40.710681,-73.93372,696,0.05
831,34 Ave & 13 St,40.7638753,-73.9364848,693,0.05
832,40 Ave & Crescent St,40.7535992,-73.93795609,679,0.05
833,Glenwood Ave,40.72755147,-74.07106072,678,0.05
834,Sullivan Pl & Bedford Ave,40.6642406,-73.9574686,669,0.05
835,Bushwick Ave & McKibbin St,40.705517,-73.93936,656,0.05
836,27 Ave & 4 St,40.7747175,-73.9337894,626,0.05
837,21 St & 38 Ave,40.7576314,-73.9391224,612,0.05
838,Waterbury St & Stagg St,40.71019,-73.93734,566,0.05
839,Communipaw & Berry Lane,40.71435837,-74.06661093,560,0.05
840,Knickerbocker Ave & Thames St,40.70539,-73.92976,544,0.05
841,21 St & 36 Ave,40.7601853,-73.9362726,515,0.05
842,11 St & 35 Ave,40.7627442,-73.9391141,489,0.05
843,W 17 St & 9 Ave,40.74294892,-74.00413692,477,0.05
844,Hart St & Wyckoff Ave,40.704876,-73.919911,468,0.05
845,Stockholm St & Wilson Ave,40.699304,-73.923044,468,0.05
846,Knickerbocker Ave & George St,40.704425,-73.92836,460,0.05
847,Irving Ave & DeKalb Ave,40.7027,-73.92095,458,0.05
848,DeKalb Ave & Skillman St,40.6906495,-73.95643107,452,0.05
849,6 Ave & Spring St,40.7252557,-74.00412083,446,0.05
850,White St & Johnson Ave,40.707174,-73.93581,426,0.05
851,Columbia St & Lorraine St,40.6747055,-74.0075572,414,0.05
852,Dey St,40.737711,-74.066921,407,0.05
853,Bushwick Ave & Stagg St,40.709897,-73.94008,389,0.05
854,Railroad Ave & Kay Ave,40.70531194,-73.97100056,367,0.05
855,Jackson Square,40.71113,-74.0789,301,0.05
856,10 Ave & W 28 St,40.75066386,-74.00176802,296,0.05
857,Union St,40.7182113,-74.0836394,282,0.05
858,NYCBS Depot - GOW,40.66906014,-73.99463654,135,0.05
859,10 St & 2 Ave,40.671907,-73.993612,123,0.05
860,Stuyvesant Walk & 1 Av Loop,40.73233978,-73.97898383,109,0.05
861,Hoboken Ave at Monmouth St,40.73520838,-74.04696375,102,0.05
862,JCBS Depot,40.70965083,-74.06860113,23,0.05
863,Handlebar @ Gowanus,40.66979964,-73.99497986,6,0.05
864,58th St Depot,40.71690978,-73.98383796,1,0.05
865,NYCBS DEPOT - DELANCEY,40.71644423,-73.98233056,1,0.05
