date,trip_weekavg,CASE_COUNT_7DAY_AVG,tempmax_weekavg
1/1/2019,,,
1/2/2019,,,
1/3/2019,,,
1/4/2019,33626,,45.57142857
1/5/2019,36434.14286,,43.71428571
1/6/2019,37371.42857,,44.42857143
1/7/2019,36975.14286,,43
1/8/2019,35360.14286,,40.57142857
1/9/2019,36478.85714,,38.71428571
1/10/2019,35217.28571,,36.42857143
1/11/2019,34995,,36.14285714
1/12/2019,34699.57143,,34.85714286
1/13/2019,34132.14286,,34
1/14/2019,34135.14286,,33.85714286
1/15/2019,34337.14286,,35.14285714
1/16/2019,34135.28571,,35.57142857
1/17/2019,32902.71429,,36.85714286
1/18/2019,29293.71429,,34.28571429
1/19/2019,27758.14286,,33.57142857
1/20/2019,27920.14286,,35.42857143
1/21/2019,25167.71429,,39.14285714
1/22/2019,25831.28571,,39.28571429
1/23/2019,26204,,39
1/24/2019,28492.28571,,40
1/25/2019,32189.57143,,43.42857143
1/26/2019,32531.71429,,45.14285714
1/27/2019,30139.14286,,42.71428571
1/28/2019,29923.42857,,36.57142857
1/29/2019,27912.85714,,33.85714286
1/30/2019,27283.57143,,33.71428571
1/31/2019,27561.71429,,34.28571429
2/1/2019,29124.57143,,37.57142857
2/2/2019,32498,,40.71428571
2/3/2019,34562,,42.28571429
2/4/2019,38135.28571,,46.28571429
2/5/2019,39807.42857,,51.14285714
2/6/2019,40074,,50.85714286
2/7/2019,38943.57143,,48.28571429
2/8/2019,37822,,45
2/9/2019,32245,,40.85714286
2/10/2019,31614.14286,,40.14285714
2/11/2019,31401.71429,,40.42857143
2/12/2019,32913,,41
2/13/2019,33957.28571,,43.14285714
2/14/2019,33941.85714,,43.57142857
2/15/2019,32056.71429,,44.14285714
2/16/2019,34805.71429,,44.14285714
2/17/2019,32700.71429,,43
2/18/2019,32374.85714,,43.85714286
2/19/2019,31640.57143,,41.71428571
2/20/2019,31729.14286,,41
2/21/2019,31758.42857,,42.28571429
2/22/2019,32988.85714,,42.42857143
2/23/2019,33398.85714,,42.42857143
2/24/2019,35736.28571,,42.14285714
2/25/2019,35560.85714,,40
2/26/2019,33870,,38.71428571
2/27/2019,31895,,38.57142857
2/28/2019,31743.85714,,37.85714286
3/1/2019,30894,,37.14285714
3/2/2019,30820.42857,,36.57142857
3/3/2019,30349.85714,,35.85714286
3/4/2019,30011,,35.14285714
3/5/2019,31492.42857,,35.71428571
3/6/2019,34527.57143,,36.85714286
3/7/2019,33901.71429,,37
3/8/2019,37401.85714,,39.14285714
3/9/2019,38883.57143,,40.85714286
3/10/2019,41322,,44.14285714
3/11/2019,44437.85714,,47.71428571
3/12/2019,46913.28571,,52.85714286
3/13/2019,47382.85714,,54.14285714
3/14/2019,49980,,54.42857143
3/15/2019,49125.28571,,53.42857143
3/16/2019,49950.71429,,54.42857143
3/17/2019,50715.57143,,55
3/18/2019,45460,,53.42857143
3/19/2019,42258.14286,,49.71428571
3/20/2019,41550.57143,,48.28571429
3/21/2019,43510.71429,,50.42857143
3/22/2019,44520,,51.85714286
3/23/2019,44877.42857,,51.57142857
3/24/2019,44752,,50.71428571
3/25/2019,50152.14286,,51.71428571
3/26/2019,53614.14286,,53.14285714
3/27/2019,57851,,56.28571429
3/28/2019,55297.57143,,57
3/29/2019,54987.42857,,55.57142857
3/30/2019,55352.57143,,56
3/31/2019,57298,,58.85714286
4/1/2019,58456.85714,,59.85714286
4/2/2019,54866.28571,,57.85714286
4/3/2019,54857.71429,,57.57142857
4/4/2019,59497.71429,,57.71428571
4/5/2019,62284.57143,,62.42857143
4/6/2019,62494.57143,,62.28571429
4/7/2019,62950.57143,,61.28571429
4/8/2019,62378.42857,,60.57142857
4/9/2019,65787.14286,,63.85714286
4/10/2019,66516,,65.14285714
4/11/2019,65623.14286,,66.14285714
4/12/2019,62020.42857,,64.14285714
4/13/2019,62609,,66.28571429
4/14/2019,61779,,66.71428571
4/15/2019,61670.42857,,67.71428571
4/16/2019,62683.28571,,69.42857143
4/17/2019,57639.57143,,67.57142857
4/18/2019,56678.57143,,66.57142857
4/19/2019,56459.42857,,66.42857143
4/20/2019,58216.57143,,68
4/21/2019,60042.71429,,68.85714286
4/22/2019,59932.57143,,69.42857143
4/23/2019,55903.57143,,66.42857143
4/24/2019,58774.28571,,65.57142857
4/25/2019,57221.71429,,63.71428571
4/26/2019,59647,,63.14285714
4/27/2019,57794.71429,,60.71428571
4/28/2019,55345.71429,,58.85714286
4/29/2019,56474.14286,,60.57142857
4/30/2019,60146.42857,,60.14285714
5/1/2019,60104.85714,,62
5/2/2019,56476.57143,,62.71428571
5/3/2019,57794.85714,,64.71428571
5/4/2019,59277.85714,,66.14285714
5/5/2019,61525.85714,,68.28571429
5/6/2019,61249.85714,,65.85714286
5/7/2019,62077,,68.28571429
5/8/2019,64054.71429,,68
5/9/2019,63262.28571,,68.14285714
5/10/2019,56337.42857,,64.42857143
5/11/2019,51965,,61.85714286
5/12/2019,51665.42857,,61.57142857
5/13/2019,53289,,63.28571429
5/14/2019,53869.57143,,63.71428571
5/15/2019,54363.14286,,64.57142857
5/16/2019,62967.42857,,67
5/17/2019,70558.85714,,72.28571429
5/18/2019,75843.71429,,75
5/19/2019,76948.71429,,75.71428571
5/20/2019,73832.71429,,75.57142857
5/21/2019,74222.71429,,75.14285714
5/22/2019,72226.28571,,74.57142857
5/23/2019,69315.14286,,76
5/24/2019,68144.57143,,75.28571429
5/25/2019,65270.42857,,75.28571429
5/26/2019,61351,,74.71428571
5/27/2019,60749.57143,,74.42857143
5/28/2019,61966.57143,,75.42857143
5/29/2019,64442.85714,,76.71428571
5/30/2019,66960.85714,,76
5/31/2019,68574.57143,,74.57142857
6/1/2019,72049,,74.42857143
6/2/2019,75496.28571,,76
6/3/2019,79707.28571,,77.85714286
6/4/2019,79670.85714,,78
6/5/2019,79890.28571,,78.14285714
6/6/2019,80876.42857,,77.71428571
6/7/2019,74993.71429,,77.71428571
6/8/2019,74224.71429,,78.71428571
6/9/2019,75138,,77.71428571
6/10/2019,70454.71429,,75.14285714
6/11/2019,70118.85714,,74
6/12/2019,69518,,74
6/13/2019,66835.57143,,74.28571429
6/14/2019,71996.28571,,75.14285714
6/15/2019,65947.14286,,74.57142857
6/16/2019,62847.28571,,74.14285714
6/17/2019,64428.71429,,76
6/18/2019,62247.14286,,76.57142857
6/19/2019,62661,,76.28571429
6/20/2019,65557.57143,,76.71428571
6/21/2019,66632.28571,,77.85714286
6/22/2019,70920.14286,,79.42857143
6/23/2019,73760.71429,,81.71428571
6/24/2019,76898.14286,,83.28571429
6/25/2019,78817.57143,,85
6/26/2019,76809.42857,,86.71428571
6/27/2019,75105.28571,,86.71428571
6/28/2019,74856.14286,,86.85714286
6/29/2019,76654.57143,,87
6/30/2019,75373.42857,,87
7/1/2019,71217.71429,,87.14285714
7/2/2019,68293.71429,,86.71428571
7/3/2019,66559.71429,,86.57142857
7/4/2019,66231.71429,,87
7/5/2019,64742.14286,,86
7/6/2019,65536.14286,,86.28571429
7/7/2019,66973.71429,,86.42857143
7/8/2019,67200.42857,,86
7/9/2019,70476.42857,,86.14285714
7/10/2019,74251.42857,,85.42857143
7/11/2019,75190.14286,,85.85714286
7/12/2019,77085.28571,,86.85714286
7/13/2019,77224,,87.42857143
7/14/2019,75040.57143,,88.14285714
7/15/2019,76001.42857,,87
7/16/2019,75136.85714,,87.57142857
7/17/2019,71321.42857,,89
7/18/2019,68465,,89.85714286
7/19/2019,64312,,90.57142857
7/20/2019,61643.57143,,88.14285714
7/21/2019,64320.71429,,86.71428571
7/22/2019,68020.42857,,87.42857143
7/23/2019,69141.14286,,87
7/24/2019,72295.28571,,85.57142857
7/25/2019,75110.57143,,84.57142857
7/26/2019,78941,,84.57142857
7/27/2019,81053,,87.14285714
7/28/2019,77866.71429,,87.71428571
7/29/2019,78055.57143,,88.14285714
7/30/2019,77981.42857,,87.57142857
7/31/2019,78716.71429,,87.71428571
8/1/2019,78602.57143,,87.57142857
8/2/2019,79137.85714,,86.42857143
8/3/2019,79402.71429,,84.57142857
8/4/2019,77452,,84.14285714
8/5/2019,76281.28571,,83.71428571
8/6/2019,75983,,83.57142857
8/7/2019,76769.28571,,82.85714286
8/8/2019,77717.85714,,81.85714286
8/9/2019,77572.42857,,82.28571429
8/10/2019,76480,,82.28571429
8/11/2019,79897.14286,,82.28571429
8/12/2019,80655.85714,,82.42857143
8/13/2019,80856,,81.85714286
8/14/2019,80166.28571,,82.71428571
8/15/2019,77699.71429,,84.14285714
8/16/2019,76618,,84.85714286
8/17/2019,77684.28571,,86.14285714
8/18/2019,77303.57143,,86.57142857
8/19/2019,75690.85714,,87.28571429
8/20/2019,73099.71429,,86.57142857
8/21/2019,72568.71429,,85
8/22/2019,74828.57143,,83.14285714
8/23/2019,75557.85714,,80.85714286
8/24/2019,75609.42857,,79
8/25/2019,74471.14286,,77.14285714
8/26/2019,75861,,75.85714286
8/27/2019,77759.14286,,77.57142857
8/28/2019,76297.57143,,78.28571429
8/29/2019,74952.28571,,78.42857143
8/30/2019,68938.42857,,78.42857143
8/31/2019,69088.57143,,79.42857143
9/1/2019,71953.57143,,81.28571429
9/2/2019,72871.85714,,80.28571429
9/3/2019,69722.71429,,77.57142857
9/4/2019,71770.71429,,76.71428571
9/5/2019,73184.28571,,76.57142857
9/6/2019,80045.42857,,77.14285714
9/7/2019,80592.28571,,76.28571429
9/8/2019,81396.85714,,76.42857143
9/9/2019,78556.85714,,77.42857143
9/10/2019,83271.57143,,78.14285714
9/11/2019,82853.57143,,78
9/12/2019,83810.71429,,78.71428571
9/13/2019,83415.85714,,78.57142857
9/14/2019,84217.85714,,78.57142857
9/15/2019,84183.14286,,75.85714286
9/16/2019,87022.14286,,74.28571429
9/17/2019,87432.14286,,75.14285714
9/18/2019,90828.71429,,76.57142857
9/19/2019,90447.85714,,77.14285714
9/20/2019,90941.28571,,78.85714286
9/21/2019,90944.57143,,78.85714286
9/22/2019,91485.42857,,80.28571429
9/23/2019,90759.57143,,82.14285714
9/24/2019,91167.14286,,81.85714286
9/25/2019,88657,,81.57142857
9/26/2019,88571,,80.71428571
9/27/2019,87278,,78.14285714
9/28/2019,86405.14286,,78.85714286
9/29/2019,84349.57143,,80.85714286
9/30/2019,77726.14286,,78
10/1/2019,76271.42857,,76.57142857
10/2/2019,74461.85714,,73.57142857
10/3/2019,72244.42857,,72.14285714
10/4/2019,72336.28571,,73.28571429
10/5/2019,71384.42857,,70.85714286
10/6/2019,67118.57143,,66
10/7/2019,73765.71429,,67.14285714
10/8/2019,73198.85714,,66.85714286
10/9/2019,73424.85714,,67.71428571
10/10/2019,74441.42857,,67.28571429
10/11/2019,74481.28571,,66.28571429
10/12/2019,74895.85714,,66.28571429
10/13/2019,73951.28571,,67.28571429
10/14/2019,71401.42857,,65.28571429
10/15/2019,70563.28571,,64.42857143
10/16/2019,69983.28571,,63.42857143
10/17/2019,64314.42857,,62.28571429
10/18/2019,64446,,61.57142857
10/19/2019,60300.85714,,61.42857143
10/20/2019,65586.85714,,61.28571429
10/21/2019,67921.57143,,62.71428571
10/22/2019,69015.28571,,63.71428571
10/23/2019,69197.14286,,64.14285714
10/24/2019,68935,,65.28571429
10/25/2019,68687.85714,,64.71428571
10/26/2019,68439.71429,,64.14285714
10/27/2019,66736.57143,,63.85714286
10/28/2019,61825.14286,,64.42857143
10/29/2019,60288.57143,,65.28571429
10/30/2019,58919.71429,,63.85714286
10/31/2019,62626,,62
11/1/2019,61653,,61
11/2/2019,64648,,61.28571429
11/3/2019,65227.14286,,60
11/4/2019,66256.57143,,58
11/5/2019,63305.85714,,53.71428571
11/6/2019,60315.14286,,52
11/7/2019,58833.57143,,51.57142857
11/8/2019,58079.71429,,52.42857143
11/9/2019,53045.71429,,51.85714286
11/10/2019,48872.14286,,49
11/11/2019,48585.71429,,47.28571429
11/12/2019,49929.42857,,48.71428571
11/13/2019,49774.57143,,48.85714286
11/14/2019,48326.42857,,47.71428571
11/15/2019,44068.28571,,44.85714286
11/16/2019,46722.85714,,43.57142857
11/17/2019,48716.28571,,45.71428571
11/18/2019,49870.71429,,46.85714286
11/19/2019,48647.14286,,47.14285714
11/20/2019,49110.57143,,47.57142857
11/21/2019,47080.85714,,48
11/22/2019,50446.71429,,49.57142857
11/23/2019,51355.42857,,51.42857143
11/24/2019,50443,,52.85714286
11/25/2019,43665.57143,,52.85714286
11/26/2019,39597.14286,,51
11/27/2019,37627.85714,,50.71428571
11/28/2019,36558.85714,,49.71428571
11/29/2019,30620,,47.42857143
11/30/2019,27050.28571,,43.85714286
12/1/2019,26452.14286,,41
12/2/2019,31238.14286,,39.42857143
12/3/2019,35372.71429,,40.85714286
12/4/2019,36529.28571,,40.14285714
12/5/2019,39656,,41.14285714
12/6/2019,39240.85714,,43.71428571
12/7/2019,39709.28571,,46.85714286
12/8/2019,38372.71429,,47
12/9/2019,37832.85714,,46.14285714
12/10/2019,35112.71429,,45.85714286
12/11/2019,34492.28571,,48.42857143
12/12/2019,34706,,48.85714286
12/13/2019,38586.71429,,46.28571429
12/14/2019,35213.71429,,43
12/15/2019,35166.85714,,42.42857143
12/16/2019,32849,,40.85714286
12/17/2019,33026.14286,,38.71428571
12/18/2019,32154.14286,,35.71428571
12/19/2019,30702.85714,,35.28571429
12/20/2019,30065.14286,,38.14285714
12/21/2019,31039.57143,,39.85714286
12/22/2019,27419,,41.42857143
12/23/2019,26815.57143,,44.42857143
12/24/2019,26474.42857,,47.42857143
12/25/2019,27099.42857,,49.71428571
12/26/2019,26257.14286,,49.42857143
12/27/2019,22580,,47.14285714
12/28/2019,23396.71429,,46.85714286
12/29/2019,24135.28571,,46
12/30/2019,26510.85714,,46.42857143
12/31/2019,26526.57143,,45.71428571
1/1/2020,26655.85714,,45.71428571
1/2/2020,28051.42857,,45.42857143
1/3/2020,32509.28571,,46
1/4/2020,34702.71429,,46
1/5/2020,38258.57143,,46.14285714
1/6/2020,37954.57143,,44
1/7/2020,40702.57143,,44.85714286
1/8/2020,44651,,47.42857143
1/9/2020,48354.85714,,51.14285714
1/10/2020,49313.71429,,51.28571429
1/11/2020,48961,,51.42857143
1/12/2020,50674.71429,,52.57142857
1/13/2020,51529.85714,,54.71428571
1/14/2020,49100.42857,,51.57142857
1/15/2020,42803.14286,,47
1/16/2020,38856.42857,,43.42857143
1/17/2020,35193.71429,,41.28571429
1/18/2020,34211.42857,,39.42857143
1/19/2020,32645.85714,,37.71428571
1/20/2020,33075.14286,,37.42857143
1/21/2020,35573.28571,,40
1/22/2020,36218.28571,,42
1/23/2020,37695,,42.42857143
1/24/2020,40934.14286,,44.42857143
1/25/2020,42596.42857,,45.85714286
1/26/2020,43167.57143,,46.28571429
1/27/2020,42780,,45
1/28/2020,42200.71429,,44
1/29/2020,44784.71429,,42.85714286
1/30/2020,43691.57143,,42.71428571
1/31/2020,44711.85714,,44.42857143
2/1/2020,45243.85714,,47
2/2/2020,45699.28571,,49
2/3/2020,43734.42857,,49.42857143
2/4/2020,41600.42857,,51.14285714
2/5/2020,41204.42857,,50.85714286
2/6/2020,41801.71429,,50.71428571
2/7/2020,37916.42857,,49.28571429
2/8/2020,35771.28571,,47.42857143
2/9/2020,35598.28571,,46.14285714
2/10/2020,36367.42857,,46.57142857
2/11/2020,36997.28571,,44.28571429
2/12/2020,35372.85714,,42.85714286
2/13/2020,34594,,42.85714286
2/14/2020,36645.57143,,43.42857143
2/15/2020,37561.14286,,43.28571429
2/16/2020,37547.57143,,43.57142857
2/17/2020,38323,,42.28571429
2/18/2020,38578,,41.57142857
2/19/2020,41165.71429,,44.28571429
2/20/2020,43970.85714,,46
2/21/2020,46202.57143,,47.57142857
2/22/2020,45543.85714,,48.42857143
2/23/2020,44942.71429,,48.42857143
2/24/2020,45026.71429,,49.57142857
2/25/2020,45688.57143,,50.57142857
2/26/2020,44204,,48.42857143
2/27/2020,42053.71429,,46.71428571
2/28/2020,42113.42857,,46.14285714
2/29/2020,43559.85714,0,47
3/1/2020,45481.57143,0,48.14285714
3/2/2020,47673,0,49.28571429
3/3/2020,46311.42857,0,49.71428571
3/4/2020,47787.14286,0,51.57142857
3/5/2020,49990.42857,0,53.71428571
3/6/2020,51740.14286,3,55.71428571
3/7/2020,53865.85714,3,56.57142857
3/8/2020,54347.14286,6,56.71428571
3/9/2020,53294.85714,15,56.57142857
3/10/2020,54640.57143,24,60.14285714
3/11/2020,55332.57143,46,61.42857143
3/12/2020,53751.57143,96,60.71428571
3/13/2020,48027.28571,183,56.85714286
3/14/2020,42217.14286,274,55.28571429
3/15/2020,37657.14286,419,54.85714286
3/16/2020,33228,714,55.14285714
3/17/2020,31488.85714,1054,56.14285714
3/18/2020,29687.42857,1456,57.28571429
3/19/2020,27329.28571,1935,56
3/20/2020,23630.85714,2419,55.42857143
3/21/2020,23134.14286,2704,55.57142857
3/22/2020,20458.57143,2925,54.28571429
3/23/2020,20625.14286,3132,55.42857143
3/24/2020,19926.57143,3424,54.28571429
3/25/2020,16600,3696,52.71428571
3/26/2020,15112,3887,53
3/27/2020,16715.28571,4046,54.57142857
3/28/2020,15857.57143,4166,53.71428571
3/29/2020,17058.42857,4306,55.28571429
3/30/2020,16608.57143,4672,55
3/31/2020,14385.28571,4809,52.57142857
4/1/2020,17297.42857,4891,53.71428571
4/2/2020,19642,4992,56.28571429
4/3/2020,21046.14286,5070,58.28571429
4/4/2020,22298.42857,5125,61
4/5/2020,22361,5157,62.14285714
4/6/2020,21668.28571,5189,62.28571429
4/7/2020,22390.42857,5272,61.85714286
4/8/2020,22978.14286,5290,61
4/9/2020,23807,5194,60.71428571
4/10/2020,21348.57143,5028,60.85714286
4/11/2020,21572.42857,5009,59.71428571
4/12/2020,21775.42857,4882,58.28571429
4/13/2020,22549.14286,4447,57
4/14/2020,22920.71429,4176,57.28571429
4/15/2020,20434.85714,3933,55.85714286
4/16/2020,22663.57143,3713,55.85714286
4/17/2020,24702.85714,3581,54.42857143
4/18/2020,23516.57143,3358,54.57142857
4/19/2020,23738.57143,3280,54.14285714
4/20/2020,23675,3349,54.42857143
4/21/2020,22768.14286,3195,54.14285714
4/22/2020,28984,3133,56.85714286
4/23/2020,23567.57143,3035,55.14285714
4/24/2020,22972.42857,2885,54.14285714
4/25/2020,26247,2802,55
4/26/2020,25938.28571,2611,56.14285714
4/27/2020,25270,2396,57.28571429
4/28/2020,27056,2348,59.71428571
4/29/2020,29123.28571,2190,60.85714286
4/30/2020,37019.28571,2073,65
5/1/2020,39136.28571,1980,68.57142857
5/2/2020,38479.14286,1904,68
5/3/2020,37845.85714,1873,67
5/4/2020,42083.14286,1767,68
5/5/2020,40976.71429,1594,66.71428571
5/6/2020,34407.85714,1459,63.14285714
5/7/2020,33023.42857,1347,60.85714286
5/8/2020,31624.57143,1232,58.85714286
5/9/2020,31746.57143,1175,58.28571429
5/10/2020,35132.28571,1127,60
5/11/2020,34820,1082,60
5/12/2020,39992,1050,63.85714286
5/13/2020,47665.42857,1040,68
5/14/2020,49027.85714,1022,68.71428571
5/15/2020,51411,992,70
5/16/2020,52141.85714,968,71.28571429
5/17/2020,52877.14286,954,71.57142857
5/18/2020,53901.42857,906,71.71428571
5/19/2020,53113.57143,866,70.71428571
5/20/2020,44770.85714,829,69.28571429
5/21/2020,46134.71429,823,69
5/22/2020,50340.85714,846,69.14285714
5/23/2020,52126.14286,842,70.57142857
5/24/2020,53519.14286,857,72.42857143
5/25/2020,53156.71429,796,73.57142857
5/26/2020,54001.57143,803,74.14285714
5/27/2020,63339.57143,755,76.14285714
5/28/2020,64472,694,76.57142857
5/29/2020,62273.71429,637,76.42857143
5/30/2020,61314.71429,622,75.57142857
5/31/2020,57515,588,75.57142857
6/1/2020,56638.42857,620,76.71428571
6/2/2020,53720.57143,551,76.42857143
6/3/2020,49313.85714,519,77.14285714
6/4/2020,49305.85714,501,78
6/5/2020,50478.71429,467,79.28571429
6/6/2020,52691,453,81.42857143
6/7/2020,57659.57143,448,82.28571429
6/8/2020,58230.71429,414,82.28571429
6/9/2020,63955.85714,392,83.14285714
6/10/2020,68748.14286,371,81.57142857
6/11/2020,68605.85714,348,81.28571429
6/12/2020,68128.57143,349,80.71428571
6/13/2020,68648.14286,342,79.42857143
6/14/2020,68785,340,78.42857143
6/15/2020,71433.71429,330,77.42857143
6/16/2020,72405.85714,330,77.14285714
6/17/2020,71112.14286,329,78.71428571
6/18/2020,70052.14286,331,80.71428571
6/19/2020,70374.14286,324,82.85714286
6/20/2020,70679.85714,325,84.14285714
6/21/2020,71075.14286,324,85.28571429
6/22/2020,72162.57143,327,86.71428571
6/23/2020,71374.42857,322,87.28571429
6/24/2020,68252.42857,325,86.42857143
6/25/2020,67773.71429,314,86.71428571
6/26/2020,68045,308,86.28571429
6/27/2020,67708.28571,308,85.28571429
6/28/2020,67200.57143,312,84.42857143
6/29/2020,67767.85714,317,85.14285714
6/30/2020,65689,326,85.57142857
7/1/2020,67385.28571,328,86.57142857
7/2/2020,66713.85714,345,86.85714286
7/3/2020,64432.71429,333,88.14285714
7/4/2020,64829.85714,321,88.42857143
7/5/2020,64823.42857,314,88.85714286
7/6/2020,65256,313,88.42857143
7/7/2020,59929.57143,316,86.57142857
7/8/2020,59277.71429,322,86
7/9/2020,62159.28571,318,85.28571429
7/10/2020,65516.14286,329,83.85714286
7/11/2020,66846,349,84.28571429
7/12/2020,69036.28571,358,84.14285714
7/13/2020,69456.57143,366,82.57142857
7/14/2020,76301.71429,357,83.57142857
7/15/2020,78306.57143,358,84.71428571
7/16/2020,75749.57143,361,85.71428571
7/17/2020,74183.71429,376,86.71428571
7/18/2020,73260.57143,370,87.57142857
7/19/2020,69412.28571,363,89
7/20/2020,67412.28571,351,90.14285714
7/21/2020,66960.14286,342,89.57142857
7/22/2020,68015.28571,327,89.14285714
7/23/2020,68869.14286,312,88.85714286
7/24/2020,69480.85714,295,88.85714286
7/25/2020,69449,286,89.14285714
7/26/2020,73107.42857,281,88.85714286
7/27/2020,74044,269,89.71428571
7/28/2020,74633.42857,265,90
7/29/2020,74855.71429,259,90
7/30/2020,74507.14286,254,89.57142857
7/31/2020,75197.42857,249,88.85714286
8/1/2020,71454.28571,254,86.85714286
8/2/2020,72151,253,86.28571429
8/3/2020,73181.28571,258,84.85714286
8/4/2020,71587.71429,240,84.71428571
8/5/2020,71751.28571,242,84
8/6/2020,73566.14286,244,83.71428571
8/7/2020,73825.57143,243,84.28571429
8/8/2020,78286.28571,239,85.57142857
8/9/2020,76025.85714,238,86.14285714
8/10/2020,73614.28571,233,85.71428571
8/11/2020,77104.14286,244,86.42857143
8/12/2020,77499.28571,247,86.57142857
8/13/2020,71095.71429,246,84.42857143
8/14/2020,71286.71429,249,82.85714286
8/15/2020,72224.14286,247,82
8/16/2020,72980.28571,248,79.85714286
8/17/2020,75686,251,80
8/18/2020,75823.71429,254,79.57142857
8/19/2020,74965,245,80.14285714
8/20/2020,81235.57143,238,82.14285714
8/21/2020,81345.28571,235,83.42857143
8/22/2020,79922.71429,233,84.42857143
8/23/2020,82338.28571,234,84.71428571
8/24/2020,80604.28571,229,86.14285714
8/25/2020,79612.85714,229,86.42857143
8/26/2020,77335.14286,237,85.42857143
8/27/2020,78873.85714,244,84.42857143
8/28/2020,79518.71429,248,82.57142857
8/29/2020,80179.57143,246,80.85714286
8/30/2020,77536.57143,252,81.14285714
8/31/2020,77833,254,80.42857143
9/1/2020,78895.28571,256,80.42857143
9/2/2020,81538.14286,250,80.28571429
9/3/2020,80187,250,80.71428571
9/4/2020,81402,242,81
9/5/2020,81789.42857,246,82
9/6/2020,83879.71429,249,82.28571429
9/7/2020,81206,236,81.85714286
9/8/2020,82548.42857,250,80.57142857
9/9/2020,84273,261,79.71428571
9/10/2020,84493.71429,269,78.57142857
9/11/2020,83794,280,78
9/12/2020,84464.57143,287,75.42857143
9/13/2020,84817.71429,295,74
9/14/2020,89832.71429,330,73
9/15/2020,89014.14286,333,72.14285714
9/16/2020,87317.85714,348,70.57142857
9/17/2020,86283.71429,365,69.28571429
9/18/2020,85235.28571,362,67.85714286
9/19/2020,85046.28571,364,68.57142857
9/20/2020,85547.14286,358,69.71428571
9/21/2020,85440.14286,371,69.71428571
9/22/2020,86092.71429,383,70.71428571
9/23/2020,87440.42857,406,72.28571429
9/24/2020,88847,420,74.28571429
9/25/2020,89711.28571,445,76
9/26/2020,86372.42857,454,76.42857143
9/27/2020,85693.14286,477,75.28571429
9/28/2020,86251.28571,459,74.85714286
9/29/2020,84557.42857,486,73.14285714
9/30/2020,84185.28571,482,72
10/1/2020,83380.85714,492,70.28571429
10/2/2020,83186.71429,511,69.28571429
10/3/2020,87131.14286,511,68.57142857
10/4/2020,86608.71429,504,69
10/5/2020,85769.85714,551,67.85714286
10/6/2020,86738,535,68.42857143
10/7/2020,86494.57143,529,69.14285714
10/8/2020,85671.28571,516,69.14285714
10/9/2020,76957.85714,506,67.28571429
10/10/2020,71912,511,65.71428571
10/11/2020,72804.42857,503,64.71428571
10/12/2020,73705.71429,468,65.71428571
10/13/2020,65292.57143,470,65.28571429
10/14/2020,64285,476,63.57142857
10/15/2020,64359.85714,487,62.85714286
10/16/2020,72561.71429,484,64
10/17/2020,76030.57143,492,65.85714286
10/18/2020,75396.14286,510,66
10/19/2020,74312.14286,526,65.57142857
10/20/2020,82446.14286,528,66
10/21/2020,82781.28571,538,67.42857143
10/22/2020,80598.71429,560,66.14285714
10/23/2020,77381.71429,574,65.28571429
10/24/2020,77637.71429,577,63.57142857
10/25/2020,74555.28571,570,62
10/26/2020,65185.57143,579,60.28571429
10/27/2020,58316.85714,599,57.14285714
10/28/2020,54836.42857,618,53.85714286
10/29/2020,50587.28571,598,54.14285714
10/30/2020,50505.42857,606,52
10/31/2020,48196.14286,608,51.14285714
11/1/2020,48533.14286,628,51.85714286
11/2/2020,56571.85714,665,53.42857143
11/3/2020,62732.42857,688,56.71428571
11/4/2020,67337.71429,735,60.71428571
11/5/2020,75121.28571,809,63.57142857
11/6/2020,78769.85714,864,68
11/7/2020,81989.42857,927,71
11/8/2020,79250.57143,968,72.42857143
11/9/2020,74324.14286,1053,72.57142857
11/10/2020,69485.57143,1152,69.71428571
11/11/2020,66104.71429,1213,66.57142857
11/12/2020,60974.85714,1264,65
11/13/2020,58330.85714,1330,62.14285714
11/14/2020,54004.28571,1356,58.71428571
11/15/2020,53689.85714,1371,53.57142857
11/16/2020,55250.85714,1412,50.71428571
11/17/2020,58124.14286,1431,52.57142857
11/18/2020,58159.71429,1462,54.28571429
11/19/2020,57461.42857,1513,53.57142857
11/20/2020,55301.57143,1552,54.28571429
11/21/2020,55109.14286,1590,54
11/22/2020,56970.28571,1626,56.85714286
11/23/2020,53997.57143,1695,59.28571429
11/24/2020,51786.42857,1744,59.28571429
11/25/2020,48571,1832,58.14285714
11/26/2020,49514.71429,1682,57.42857143
11/27/2020,46717.71429,1757,57.85714286
11/28/2020,46708.57143,1828,59.85714286
11/29/2020,45317.71429,1910,58
11/30/2020,48536.28571,1980,55.85714286
12/1/2020,46677.71429,2132,54.28571429
12/2/2020,43574.28571,2223,53
12/3/2020,41857.14286,2519,51
12/4/2020,44501,2592,47.71428571
12/5/2020,42768.57143,2606,44
12/6/2020,41277.57143,2610,43.28571429
12/7/2020,41087.71429,2681,43.14285714
12/8/2020,43903.85714,2670,43.85714286
12/9/2020,47038.14286,2685,45.42857143
12/10/2020,49987.14286,2724,48.57142857
12/11/2020,47706.71429,2748,49.57142857
12/12/2020,48245.42857,2794,50
12/13/2020,46704,2854,49
12/14/2020,39242,2893,46.71428571
12/15/2020,32753.42857,2982,43.14285714
12/16/2020,27438.71429,2935,39.42857143
12/17/2020,20960.14286,2760,36.28571429
12/18/2020,21760.57143,2825,36.14285714
12/19/2020,20657.42857,2874,37.14285714
12/20/2020,22693.14286,2899,39.14285714
12/21/2020,27374.42857,3007,42.85714286
12/22/2020,26924.71429,3067,47
12/23/2020,27363.14286,3219,47
12/24/2020,28438.57143,3374,46.57142857
12/25/2020,29513.57143,3034,47.14285714
12/26/2020,28945.42857,3162,46.71428571
12/27/2020,28253.71429,3239,46.42857143
12/28/2020,27350.14286,3389,44.85714286
12/29/2020,28352,3548,41.85714286
12/30/2020,31455,3710,44.57142857
12/31/2020,30126,3764,44.71428571
1/1/2021,29834.57143,3806,43.71428571
1/2/2021,30593.28571,3911,43.57142857
1/3/2021,30926.28571,3992,43.28571429
1/4/2021,32606.85714,4163,42.28571429
1/5/2021,35257.42857,4298,41.85714286
1/6/2021,34308.14286,4397,39.85714286
1/7/2021,37316.71429,4689,40.28571429
1/8/2021,37218.42857,5254,39.42857143
1/9/2021,37767.71429,5183,39.71428571
1/10/2021,38425.14286,5147,40
1/11/2021,39846.28571,5050,41.14285714
1/12/2021,40332.57143,4918,42.42857143
1/13/2021,41277.57143,4846,43.85714286
1/14/2021,41776.57143,4821,44.28571429
1/15/2021,42742.57143,4756,45.42857143
1/16/2021,42494.71429,4726,45.28571429
1/17/2021,41585,4686,44.85714286
1/18/2021,40576.42857,4505,44
1/19/2021,41082,4492,43.85714286
1/20/2021,39770.71429,4454,42.28571429
1/21/2021,38105.42857,4408,40.57142857
1/22/2021,37130.28571,4390,39.42857143
1/23/2021,35216.42857,4361,38.14285714
1/24/2021,35607.71429,4352,37.71428571
1/25/2021,34630.28571,4497,36.42857143
1/26/2021,31666.57143,4433,33.57142857
1/27/2021,27397.28571,4415,33
1/28/2021,23482.28571,4378,32.14285714
1/29/2021,18317,4229,31.71428571
1/30/2021,15304,4170,31.57142857
1/31/2021,12381.42857,4175,31.57142857
2/1/2021,10967.57143,3506,32.85714286
2/2/2021,,3215,36
2/3/2021,12069.14286,3267,37.71428571
2/4/2021,12888.42857,3293,39.71428571
2/5/2021,15516.57143,3363,39
2/6/2021,18714.57143,3394,39
2/7/2021,21843.42857,3217,38.71428571
2/8/2021,22450.85714,3710,37.28571429
2/9/2021,22687.28571,3863,34.85714286
2/10/2021,21516.14286,3668,32.85714286
2/11/2021,23702.28571,3462,32.57142857
2/12/2021,24415.42857,3341,33.57142857
2/13/2021,25657.42857,3216,36.14285714
2/14/2021,26046.14286,3252,36
2/15/2021,23839.28571,3027,35.57142857
2/16/2021,21831.57143,3027,36
2/17/2021,22105.71429,2978,36.71428571
2/18/2021,22540.28571,2783,36.57142857
2/19/2021,21977.42857,2741,37
2/20/2021,22328,2782,36.14285714
2/21/2021,24506.57143,2838,39
2/22/2021,29662.85714,2946,41.85714286
2/23/2021,34346.14286,2910,43.57142857
2/24/2021,35188.14286,2913,45.71428571
2/25/2021,34453.57143,3118,46.85714286
2/26/2021,36625.57143,3150,48.28571429
2/27/2021,36423.85714,3081,46.57142857
2/28/2021,37023.14286,3046,46.28571429
3/1/2021,36564.28571,3061,45.57142857
3/2/2021,35381.14286,3009,44.42857143
3/3/2021,35772.28571,2978,42.14285714
3/4/2021,37794.42857,2926,41.57142857
3/5/2021,38361.71429,2876,40.71428571
3/6/2021,42436.28571,2880,45.14285714
3/7/2021,43125.14286,2857,45.42857143
3/8/2021,47204.42857,2810,49.14285714
3/9/2021,52020,2843,53.57142857
3/10/2021,54936,2838,56.14285714
3/11/2021,56118,2836,58
3/12/2021,55534.57143,2882,57.42857143
3/13/2021,52327.85714,2900,53.57142857
3/14/2021,51241.71429,2907,52.57142857
3/15/2021,44623,2906,49.14285714
3/16/2021,40891.57143,2885,45.57142857
3/17/2021,42557.28571,2881,46.57142857
3/18/2021,46259.28571,2853,47.85714286
3/19/2021,49414.85714,2831,51.14285714
3/20/2021,52823.14286,2829,55.28571429
3/21/2021,50727.28571,2853,56.57142857
3/22/2021,56806,2923,59.57142857
3/23/2021,60831.42857,2930,65.14285714
3/24/2021,63702.28571,2971,66.57142857
3/25/2021,57366,3097,66.14285714
3/26/2021,56843.42857,3150,65.14285714
3/27/2021,57433.57143,3159,64.42857143
3/28/2021,59244.28571,3111,66
3/29/2021,56479.71429,3064,64.57142857
3/30/2021,52319.57143,3055,58.42857143
3/31/2021,48883.57143,3017,56.14285714
4/1/2021,54416.28571,2884,56.85714286
4/2/2021,56671.42857,2770,58.71428571
4/3/2021,58200.14286,2745,60
4/4/2021,62883.85714,2704,60.71428571
4/5/2021,68093,2663,62.42857143
4/6/2021,71758.71429,2637,65.28571429
4/7/2021,75587.28571,2577,67.71428571
4/8/2021,69318.42857,2535,66.57142857
4/9/2021,64310.42857,2513,64.14285714
4/10/2021,64663.71429,2467,63.42857143
4/11/2021,65000.14286,2445,63.42857143
4/12/2021,57988.57143,2340,61.71428571
4/13/2021,56712.14286,2248,60.85714286
4/14/2021,55233.57143,2173,58.85714286
4/15/2021,63994.28571,2094,59.85714286
4/16/2021,69684.57143,2004,61.85714286
4/17/2021,72192.28571,1940,63.42857143
4/18/2021,69551.71429,1903,62.85714286
4/19/2021,73022.14286,1810,61.42857143
4/20/2021,76407.28571,1701,63
4/21/2021,80269.28571,1583,65.28571429
4/22/2021,77060.42857,1490,65.14285714
4/23/2021,76876,1412,64.42857143
4/24/2021,74495.42857,1351,62.71428571
4/25/2021,79509,1309,65.14285714
4/26/2021,81463.85714,1235,69
4/27/2021,81146.14286,1169,70
4/28/2021,79502.57143,1140,69
4/29/2021,84660.28571,1096,71.71428571
4/30/2021,83093,1050,72.57142857
5/1/2021,84182.42857,1010,73.85714286
5/2/2021,77434.71429,984,70.57142857
5/3/2021,80755.28571,922,69.28571429
5/4/2021,82333.28571,884,68.57142857
5/5/2021,77563.14286,822,67.14285714
5/6/2021,71673.14286,783,64.71428571
5/7/2021,73182.14286,748,63.85714286
5/8/2021,73489,720,63
5/9/2021,80039.28571,688,63.85714286
5/10/2021,81128.57143,648,64.71428571
5/11/2021,83499.71429,612,66.14285714
5/12/2021,92160.14286,586,69.57142857
5/13/2021,98592.14286,548,71
5/14/2021,102126.5714,515,73.57142857
5/15/2021,104592.4286,502,75.71428571
5/16/2021,106807.8571,493,78.28571429
5/17/2021,107936.4286,464,78.85714286
5/18/2021,108769.7143,434,79.28571429
5/19/2021,108456.2857,403,80.71428571
5/20/2021,109964.5714,385,82.57142857
5/21/2021,109101.7143,366,81.14285714
5/22/2021,109318.1429,357,79.85714286
5/23/2021,107584.8571,344,79.85714286
5/24/2021,108268.7143,330,80.57142857
5/25/2021,100990.8571,314,79.14285714
5/26/2021,88374.71429,296,73.71428571
5/27/2021,75268.71429,276,68.42857143
5/28/2021,75369.14286,256,68.71428571
5/29/2021,74303.57143,241,69.14285714
5/30/2021,75586.42857,231,67.57142857
5/31/2021,69361.42857,198,66.57142857
6/1/2021,72840.42857,195,67.85714286
6/2/2021,86198.85714,194,73.28571429
6/3/2021,99175.28571,187,79.14285714
6/4/2021,100430.8571,189,82.14285714
6/5/2021,96817.42857,191,84.14285714
6/6/2021,97677.14286,193,86.28571429
6/7/2021,105190.5714,207,87.71428571
6/8/2021,108357,191,86.42857143
6/9/2021,107721.7143,187,83.57142857
6/10/2021,107176.5714,179,81.28571429
6/11/2021,105190.1429,174,78.71428571
6/12/2021,111666.8571,171,77.28571429
6/13/2021,113144.4286,169,75.42857143
6/14/2021,113190,163,74.57142857
6/15/2021,115406.2857,164,76.71428571
6/16/2021,114037.5714,159,79.42857143
6/17/2021,114765.2857,163,80.85714286
6/18/2021,117342.8571,159,82.71428571
6/19/2021,111005.7143,157,82.42857143
6/20/2021,111205.7143,155,82.28571429
6/21/2021,111110.7143,153,82.14285714
6/22/2021,110159.1429,152,81.71428571
6/23/2021,111891.2857,154,81
6/24/2021,112319.5714,152,81.57142857
6/25/2021,111857.2857,155,82.42857143
6/26/2021,115951.8571,157,84.85714286
6/27/2021,112088.5714,159,88
6/28/2021,104371.1429,164,89
6/29/2021,98741.28571,170,88.71428571
6/30/2021,91307,175,86.28571429
7/1/2021,90102.42857,179,84.71428571
7/2/2021,90002.14286,186,83.42857143
7/3/2021,86181.42857,190,83
7/4/2021,87079.57143,191,82
7/5/2021,88096.57143,189,82
7/6/2021,89347.28571,210,82.85714286
7/7/2021,95389.85714,235,85
7/8/2021,95642.28571,258,84.85714286
7/9/2021,94170.14286,278,85.28571429
7/10/2021,98298.85714,291,82.42857143
7/11/2021,99378.71429,312,81.85714286
7/12/2021,104913,353,82.57142857
7/13/2021,108118.4286,366,83.42857143
7/14/2021,104137.2857,387,84.85714286
7/15/2021,103639.1429,413,85.71428571
7/16/2021,105821.1429,439,85
7/17/2021,106752.4286,454,87
7/18/2021,106520.8571,471,86
7/19/2021,107435.2857,519,84.85714286
7/20/2021,108086.7143,554,83.71428571
7/21/2021,114399.5714,604,82.71428571
7/22/2021,114144.5714,664,82.57142857
7/23/2021,113567.5714,715,83.57142857
7/24/2021,112766.1429,744,84
7/25/2021,113361.8571,779,84.14285714
7/26/2021,107103.5714,838,83.57142857
7/27/2021,107580,908,83.42857143
7/28/2021,107124.4286,958,82.42857143
7/29/2021,106589.4286,1003,81.57142857
7/30/2021,107267.5714,1055,80.42857143
7/31/2021,107703,1098,79
8/1/2021,107221.7143,1125,78.28571429
8/2/2021,112184.7143,1174,78.85714286
8/3/2021,111307.1429,1228,79.71428571
8/4/2021,110338.8571,1279,81.14285714
8/5/2021,107557.5714,1313,81.14285714
8/6/2021,106572,1355,81.28571429
8/7/2021,104173.5714,1397,82
8/8/2021,102537.5714,1432,83.85714286
8/9/2021,101134.2857,1478,85.57142857
8/10/2021,99548.28571,1491,86.42857143
8/11/2021,99018.42857,1512,86.57142857
8/12/2021,103916,1545,87.42857143
8/13/2021,104760.4286,1549,87.71428571
8/14/2021,106937.1429,1534,87.28571429
8/15/2021,108207.7143,1544,86.42857143
8/16/2021,108963,1549,85.28571429
8/17/2021,109506.2857,1559,83.57142857
8/18/2021,107302.8571,1568,82.71428571
8/19/2021,93595.42857,1557,81.71428571
8/20/2021,89911,1550,81.71428571
8/21/2021,90224,1556,82.85714286
8/22/2021,90279.57143,1496,84
8/23/2021,90107.71429,1500,84.85714286
8/24/2021,88102.85714,1513,86.42857143
8/25/2021,89227.28571,1508,86.14285714
8/26/2021,102005.2857,1501,86.14285714
8/27/2021,105545.2857,1486,86.42857143
8/28/2021,105909.7143,1471,85.57142857
8/29/2021,97617.57143,1508,83.71428571
8/30/2021,100836.4286,1492,81.71428571
8/31/2021,104643.8571,1462,79
9/1/2021,105307,1432,78.85714286
9/2/2021,103063.7143,1402,78.57142857
9/3/2021,103874.5714,1397,78
9/4/2021,103147.4286,1387,77.42857143
9/5/2021,112347,1382,78
9/6/2021,105248.8571,1255,77.85714286
9/7/2021,106981.7143,1246,77.85714286
9/8/2021,110638.5714,1251,77.42857143
9/9/2021,115034.7143,1291,78.42857143
9/10/2021,114926.8571,1308,78.71428571
9/11/2021,116582.1429,1327,78.85714286
9/12/2021,117358.7143,1364,79.28571429
9/13/2021,122106.2857,1476,79.28571429
9/14/2021,119967.4286,1486,79.42857143
9/15/2021,118694.7143,1488,80.57142857
9/16/2021,118630.1429,1443,79.85714286
9/17/2021,119095.8571,1440,78.71428571
9/18/2021,118349.1429,1428,78.14285714
9/19/2021,117610.8571,1405,77.28571429
9/20/2021,114157.1429,1391,77.71428571
9/21/2021,114732.4286,1342,77.28571429
9/22/2021,114786.2857,1314,76
9/23/2021,114319,1298,75.28571429
9/24/2021,113960.2857,1254,75.71428571
9/25/2021,111500.8571,1233,75
9/26/2021,111224,1205,73.42857143
9/27/2021,115044.8571,1169,71.42857143
9/28/2021,,1145,
9/29/2021,,1100,
9/30/2021,,1080,
10/1/2021,,,
