date,rideshr20
2020-03-01 00:00:00,400.0
2020-03-01 01:00:00,254.0
2020-03-01 02:00:00,156.0
2020-03-01 03:00:00,87.0
2020-03-01 04:00:00,69.0
2020-03-01 05:00:00,60.0
2020-03-01 06:00:00,133.0
2020-03-01 07:00:00,404.0
2020-03-01 08:00:00,769.0
2020-03-01 09:00:00,1250.0
2020-03-01 10:00:00,1847.0
2020-03-01 11:00:00,2349.0
2020-03-01 12:00:00,2804.0
2020-03-01 13:00:00,2872.0
2020-03-01 14:00:00,2944.0
2020-03-01 15:00:00,3127.0
2020-03-01 16:00:00,2967.0
2020-03-01 17:00:00,2825.0
2020-03-01 18:00:00,2138.0
2020-03-01 19:00:00,1550.0
2020-03-01 20:00:00,1177.0
2020-03-01 21:00:00,854.0
2020-03-01 22:00:00,639.0
2020-03-01 23:00:00,371.0
2020-03-02 00:00:00,220.0
2020-03-02 01:00:00,103.0
2020-03-02 02:00:00,55.0
2020-03-02 03:00:00,56.0
2020-03-02 04:00:00,100.0
2020-03-02 05:00:00,479.0
2020-03-02 06:00:00,1569.0
2020-03-02 07:00:00,3528.0
2020-03-02 08:00:00,5943.0
2020-03-02 09:00:00,3594.0
2020-03-02 10:00:00,1965.0
2020-03-02 11:00:00,1973.0
2020-03-02 12:00:00,2349.0
2020-03-02 13:00:00,2626.0
2020-03-02 14:00:00,2824.0
2020-03-02 15:00:00,3216.0
2020-03-02 16:00:00,4083.0
2020-03-02 17:00:00,6775.0
2020-03-02 18:00:00,6226.0
2020-03-02 19:00:00,3819.0
2020-03-02 20:00:00,2480.0
2020-03-02 21:00:00,1650.0
2020-03-02 22:00:00,1047.0
2020-03-02 23:00:00,587.0
2020-03-03 00:00:00,212.0
2020-03-03 01:00:00,101.0
2020-03-03 02:00:00,68.0
2020-03-03 03:00:00,50.0
2020-03-03 04:00:00,123.0
2020-03-03 05:00:00,583.0
2020-03-03 06:00:00,1842.0
2020-03-03 07:00:00,4274.0
2020-03-03 08:00:00,7444.0
2020-03-03 09:00:00,4530.0
2020-03-03 10:00:00,2411.0
2020-03-03 11:00:00,2198.0
2020-03-03 12:00:00,2523.0
2020-03-03 13:00:00,2481.0
2020-03-03 14:00:00,1804.0
2020-03-03 15:00:00,800.0
2020-03-03 16:00:00,1650.0
2020-03-03 17:00:00,4280.0
2020-03-03 18:00:00,4855.0
2020-03-03 19:00:00,3300.0
2020-03-03 20:00:00,2363.0
2020-03-03 21:00:00,1401.0
2020-03-03 22:00:00,371.0
2020-03-03 23:00:00,461.0
2020-03-04 00:00:00,256.0
2020-03-04 01:00:00,115.0
2020-03-04 02:00:00,49.0
2020-03-04 03:00:00,56.0
2020-03-04 04:00:00,114.0
2020-03-04 05:00:00,562.0
2020-03-04 06:00:00,1837.0
2020-03-04 07:00:00,4001.0
2020-03-04 08:00:00,6647.0
2020-03-04 09:00:00,4071.0
2020-03-04 10:00:00,2103.0
2020-03-04 11:00:00,2086.0
2020-03-04 12:00:00,2565.0
2020-03-04 13:00:00,2750.0
2020-03-04 14:00:00,2813.0
2020-03-04 15:00:00,3034.0
2020-03-04 16:00:00,3902.0
2020-03-04 17:00:00,6769.0
2020-03-04 18:00:00,6148.0
2020-03-04 19:00:00,3901.0
2020-03-04 20:00:00,2024.0
2020-03-04 21:00:00,1527.0
2020-03-04 22:00:00,1096.0
2020-03-04 23:00:00,651.0
2020-03-05 00:00:00,368.0
2020-03-05 01:00:00,160.0
2020-03-05 02:00:00,65.0
2020-03-05 03:00:00,72.0
2020-03-05 04:00:00,120.0
2020-03-05 05:00:00,470.0
2020-03-05 06:00:00,1689.0
2020-03-05 07:00:00,3773.0
2020-03-05 08:00:00,6592.0
2020-03-05 09:00:00,4277.0
2020-03-05 10:00:00,2278.0
2020-03-05 11:00:00,2192.0
2020-03-05 12:00:00,2560.0
2020-03-05 13:00:00,2749.0
2020-03-05 14:00:00,2827.0
2020-03-05 15:00:00,3072.0
2020-03-05 16:00:00,4075.0
2020-03-05 17:00:00,6488.0
2020-03-05 18:00:00,5745.0
2020-03-05 19:00:00,3558.0
2020-03-05 20:00:00,2390.0
2020-03-05 21:00:00,1728.0
2020-03-05 22:00:00,1093.0
2020-03-05 23:00:00,714.0
2020-03-06 00:00:00,333.0
2020-03-06 01:00:00,176.0
2020-03-06 02:00:00,90.0
2020-03-06 03:00:00,51.0
2020-03-06 04:00:00,105.0
2020-03-06 05:00:00,466.0
2020-03-06 06:00:00,1490.0
2020-03-06 07:00:00,3509.0
2020-03-06 08:00:00,6098.0
2020-03-06 09:00:00,3938.0
2020-03-06 10:00:00,2183.0
2020-03-06 11:00:00,2019.0
2020-03-06 12:00:00,2200.0
2020-03-06 13:00:00,1676.0
2020-03-06 14:00:00,851.0
2020-03-06 15:00:00,786.0
2020-03-06 16:00:00,1589.0
2020-03-06 17:00:00,1684.0
2020-03-06 18:00:00,1105.0
2020-03-06 19:00:00,1246.0
2020-03-06 20:00:00,1012.0
2020-03-06 21:00:00,702.0
2020-03-06 22:00:00,552.0
2020-03-06 23:00:00,460.0
2020-03-07 00:00:00,396.0
2020-03-07 01:00:00,273.0
2020-03-07 02:00:00,191.0
2020-03-07 03:00:00,125.0
2020-03-07 04:00:00,101.0
2020-03-07 05:00:00,83.0
2020-03-07 06:00:00,257.0
2020-03-07 07:00:00,614.0
2020-03-07 08:00:00,1275.0
2020-03-07 09:00:00,1931.0
2020-03-07 10:00:00,2484.0
2020-03-07 11:00:00,2998.0
2020-03-07 12:00:00,3418.0
2020-03-07 13:00:00,3484.0
2020-03-07 14:00:00,3558.0
2020-03-07 15:00:00,3508.0
2020-03-07 16:00:00,3559.0
2020-03-07 17:00:00,3048.0
2020-03-07 18:00:00,2534.0
2020-03-07 19:00:00,1878.0
2020-03-07 20:00:00,1398.0
2020-03-07 21:00:00,1036.0
2020-03-07 22:00:00,855.0
2020-03-07 23:00:00,680.0
2020-03-08 00:00:00,518.0
2020-03-08 01:00:00,423.0
2020-03-08 03:00:00,271.0
2020-03-08 04:00:00,159.0
2020-03-08 05:00:00,103.0
2020-03-08 06:00:00,146.0
2020-03-08 07:00:00,322.0
2020-03-08 08:00:00,709.0
2020-03-08 09:00:00,1373.0
2020-03-08 10:00:00,2154.0
2020-03-08 11:00:00,2829.0
2020-03-08 12:00:00,3617.0
2020-03-08 13:00:00,4108.0
2020-03-08 14:00:00,4687.0
2020-03-08 15:00:00,4902.0
2020-03-08 16:00:00,5136.0
2020-03-08 17:00:00,4700.0
2020-03-08 18:00:00,4095.0
2020-03-08 19:00:00,2588.0
2020-03-08 20:00:00,1695.0
2020-03-08 21:00:00,1296.0
2020-03-08 22:00:00,905.0
2020-03-08 23:00:00,507.0
2020-03-09 00:00:00,290.0
2020-03-09 01:00:00,167.0
2020-03-09 02:00:00,74.0
2020-03-09 03:00:00,61.0
2020-03-09 04:00:00,107.0
2020-03-09 05:00:00,475.0
2020-03-09 06:00:00,1513.0
2020-03-09 07:00:00,3378.0
2020-03-09 08:00:00,5932.0
2020-03-09 09:00:00,3941.0
2020-03-09 10:00:00,2125.0
2020-03-09 11:00:00,2191.0
2020-03-09 12:00:00,2792.0
2020-03-09 13:00:00,3060.0
2020-03-09 14:00:00,3392.0
2020-03-09 15:00:00,4054.0
2020-03-09 16:00:00,5506.0
2020-03-09 17:00:00,9097.0
2020-03-09 18:00:00,8973.0
2020-03-09 19:00:00,5214.0
2020-03-09 20:00:00,3101.0
2020-03-09 21:00:00,1858.0
2020-03-09 22:00:00,1332.0
2020-03-09 23:00:00,663.0
2020-03-10 00:00:00,337.0
2020-03-10 01:00:00,163.0
2020-03-10 02:00:00,80.0
2020-03-10 03:00:00,60.0
2020-03-10 04:00:00,136.0
2020-03-10 05:00:00,481.0
2020-03-10 06:00:00,1740.0
2020-03-10 07:00:00,3875.0
2020-03-10 08:00:00,7119.0
2020-03-10 09:00:00,4692.0
2020-03-10 10:00:00,2475.0
2020-03-10 11:00:00,2217.0
2020-03-10 12:00:00,2551.0
2020-03-10 13:00:00,2760.0
2020-03-10 14:00:00,3012.0
2020-03-10 15:00:00,3005.0
2020-03-10 16:00:00,4176.0
2020-03-10 17:00:00,7357.0
2020-03-10 18:00:00,7513.0
2020-03-10 19:00:00,4680.0
2020-03-10 20:00:00,2741.0
2020-03-10 21:00:00,1897.0
2020-03-10 22:00:00,1137.0
2020-03-10 23:00:00,625.0
2020-03-11 00:00:00,357.0
2020-03-11 01:00:00,152.0
2020-03-11 02:00:00,103.0
2020-03-11 03:00:00,51.0
2020-03-11 04:00:00,107.0
2020-03-11 05:00:00,499.0
2020-03-11 06:00:00,1558.0
2020-03-11 07:00:00,3462.0
2020-03-11 08:00:00,6557.0
2020-03-11 09:00:00,4314.0
2020-03-11 10:00:00,2355.0
2020-03-11 11:00:00,2321.0
2020-03-11 12:00:00,2726.0
2020-03-11 13:00:00,2787.0
2020-03-11 14:00:00,2947.0
2020-03-11 15:00:00,3347.0
2020-03-11 16:00:00,4380.0
2020-03-11 17:00:00,7132.0
2020-03-11 18:00:00,7001.0
2020-03-11 19:00:00,4254.0
2020-03-11 20:00:00,2489.0
2020-03-11 21:00:00,1686.0
2020-03-11 22:00:00,1156.0
2020-03-11 23:00:00,686.0
2020-03-12 00:00:00,334.0
2020-03-12 01:00:00,156.0
2020-03-12 02:00:00,104.0
2020-03-12 03:00:00,69.0
2020-03-12 04:00:00,105.0
2020-03-12 05:00:00,422.0
2020-03-12 06:00:00,1386.0
2020-03-12 07:00:00,3045.0
2020-03-12 08:00:00,5633.0
2020-03-12 09:00:00,3984.0
2020-03-12 10:00:00,2236.0
2020-03-12 11:00:00,2099.0
2020-03-12 12:00:00,2356.0
2020-03-12 13:00:00,2552.0
2020-03-12 14:00:00,2778.0
2020-03-12 15:00:00,3028.0
2020-03-12 16:00:00,3788.0
2020-03-12 17:00:00,5571.0
2020-03-12 18:00:00,5330.0
2020-03-12 19:00:00,3268.0
2020-03-12 20:00:00,1329.0
2020-03-12 21:00:00,1049.0
2020-03-12 22:00:00,716.0
2020-03-12 23:00:00,460.0
2020-03-13 00:00:00,260.0
2020-03-13 01:00:00,163.0
2020-03-13 02:00:00,83.0
2020-03-13 03:00:00,63.0
2020-03-13 04:00:00,74.0
2020-03-13 05:00:00,293.0
2020-03-13 06:00:00,518.0
2020-03-13 07:00:00,856.0
2020-03-13 08:00:00,1170.0
2020-03-13 09:00:00,1047.0
2020-03-13 10:00:00,1277.0
2020-03-13 11:00:00,1753.0
2020-03-13 12:00:00,2395.0
2020-03-13 13:00:00,2801.0
2020-03-13 14:00:00,3359.0
2020-03-13 15:00:00,3706.0
2020-03-13 16:00:00,4448.0
2020-03-13 17:00:00,5750.0
2020-03-13 18:00:00,5251.0
2020-03-13 19:00:00,3544.0
2020-03-13 20:00:00,1995.0
2020-03-13 21:00:00,1309.0
2020-03-13 22:00:00,914.0
2020-03-13 23:00:00,650.0
2020-03-14 00:00:00,427.0
2020-03-14 01:00:00,260.0
2020-03-14 02:00:00,146.0
2020-03-14 03:00:00,88.0
2020-03-14 04:00:00,72.0
2020-03-14 05:00:00,76.0
2020-03-14 06:00:00,230.0
2020-03-14 07:00:00,526.0
2020-03-14 08:00:00,1056.0
2020-03-14 09:00:00,1597.0
2020-03-14 10:00:00,2220.0
2020-03-14 11:00:00,2990.0
2020-03-14 12:00:00,3526.0
2020-03-14 13:00:00,4263.0
2020-03-14 14:00:00,4623.0
2020-03-14 15:00:00,4831.0
2020-03-14 16:00:00,4720.0
2020-03-14 17:00:00,4132.0
2020-03-14 18:00:00,3017.0
2020-03-14 19:00:00,2047.0
2020-03-14 20:00:00,1279.0
2020-03-14 21:00:00,972.0
2020-03-14 22:00:00,748.0
2020-03-14 23:00:00,583.0
2020-03-15 00:00:00,404.0
2020-03-15 01:00:00,235.0
2020-03-15 02:00:00,116.0
2020-03-15 03:00:00,69.0
2020-03-15 04:00:00,50.0
2020-03-15 05:00:00,52.0
2020-03-15 06:00:00,144.0
2020-03-15 07:00:00,357.0
2020-03-15 08:00:00,709.0
2020-03-15 09:00:00,1082.0
2020-03-15 10:00:00,1590.0
2020-03-15 11:00:00,2302.0
2020-03-15 12:00:00,2928.0
2020-03-15 13:00:00,3592.0
2020-03-15 14:00:00,3895.0
2020-03-15 15:00:00,4135.0
2020-03-15 16:00:00,3962.0
2020-03-15 17:00:00,3496.0
2020-03-15 18:00:00,2785.0
2020-03-15 19:00:00,1766.0
2020-03-15 20:00:00,1069.0
2020-03-15 21:00:00,697.0
2020-03-15 22:00:00,521.0
2020-03-15 23:00:00,323.0
2020-03-16 00:00:00,181.0
2020-03-16 01:00:00,99.0
2020-03-16 02:00:00,44.0
2020-03-16 03:00:00,32.0
2020-03-16 04:00:00,45.0
2020-03-16 05:00:00,228.0
2020-03-16 06:00:00,795.0
2020-03-16 07:00:00,1522.0
2020-03-16 08:00:00,2173.0
2020-03-16 09:00:00,1700.0
2020-03-16 10:00:00,1400.0
2020-03-16 11:00:00,1506.0
2020-03-16 12:00:00,1926.0
2020-03-16 13:00:00,1974.0
2020-03-16 14:00:00,2099.0
2020-03-16 15:00:00,2133.0
2020-03-16 16:00:00,2341.0
2020-03-16 17:00:00,3019.0
2020-03-16 18:00:00,2646.0
2020-03-16 19:00:00,1696.0
2020-03-16 20:00:00,931.0
2020-03-16 21:00:00,518.0
2020-03-16 22:00:00,401.0
2020-03-16 23:00:00,228.0
2020-03-17 00:00:00,115.0
2020-03-17 01:00:00,52.0
2020-03-17 02:00:00,31.0
2020-03-17 03:00:00,39.0
2020-03-17 04:00:00,37.0
2020-03-17 05:00:00,123.0
2020-03-17 06:00:00,346.0
2020-03-17 07:00:00,461.0
2020-03-17 08:00:00,790.0
2020-03-17 09:00:00,584.0
2020-03-17 10:00:00,512.0
2020-03-17 11:00:00,855.0
2020-03-17 12:00:00,1403.0
2020-03-17 13:00:00,1654.0
2020-03-17 14:00:00,1878.0
2020-03-17 15:00:00,2137.0
2020-03-17 16:00:00,2708.0
2020-03-17 17:00:00,3109.0
2020-03-17 18:00:00,3108.0
2020-03-17 19:00:00,2072.0
2020-03-17 20:00:00,1004.0
2020-03-17 21:00:00,685.0
2020-03-17 22:00:00,455.0
2020-03-17 23:00:00,277.0
2020-03-18 00:00:00,184.0
2020-03-18 01:00:00,75.0
2020-03-18 02:00:00,50.0
2020-03-18 03:00:00,36.0
2020-03-18 04:00:00,58.0
2020-03-18 05:00:00,163.0
2020-03-18 06:00:00,653.0
2020-03-18 07:00:00,1228.0
2020-03-18 08:00:00,1691.0
2020-03-18 09:00:00,1477.0
2020-03-18 10:00:00,1396.0
2020-03-18 11:00:00,1605.0
2020-03-18 12:00:00,2088.0
2020-03-18 13:00:00,2175.0
2020-03-18 14:00:00,2290.0
2020-03-18 15:00:00,2664.0
2020-03-18 16:00:00,2704.0
2020-03-18 17:00:00,3179.0
2020-03-18 18:00:00,2955.0
2020-03-18 19:00:00,1866.0
2020-03-18 20:00:00,939.0
2020-03-18 21:00:00,546.0
2020-03-18 22:00:00,342.0
2020-03-18 23:00:00,270.0
2020-03-19 00:00:00,141.0
2020-03-19 01:00:00,49.0
2020-03-19 02:00:00,14.0
2020-03-19 03:00:00,9.0
2020-03-19 04:00:00,10.0
2020-03-19 05:00:00,26.0
2020-03-19 06:00:00,161.0
2020-03-19 07:00:00,434.0
2020-03-19 08:00:00,658.0
2020-03-19 09:00:00,572.0
2020-03-19 10:00:00,757.0
2020-03-19 11:00:00,928.0
2020-03-19 12:00:00,1365.0
2020-03-19 13:00:00,1532.0
2020-03-19 14:00:00,1594.0
2020-03-19 15:00:00,1738.0
2020-03-19 16:00:00,2001.0
2020-03-19 17:00:00,2480.0
2020-03-19 18:00:00,2666.0
2020-03-19 19:00:00,1687.0
2020-03-19 20:00:00,965.0
2020-03-19 21:00:00,552.0
2020-03-19 22:00:00,332.0
2020-03-19 23:00:00,291.0
2020-03-20 00:00:00,144.0
2020-03-20 01:00:00,53.0
2020-03-20 02:00:00,36.0
2020-03-20 03:00:00,14.0
2020-03-20 04:00:00,37.0
2020-03-20 05:00:00,147.0
2020-03-20 06:00:00,512.0
2020-03-20 07:00:00,817.0
2020-03-20 08:00:00,1167.0
2020-03-20 09:00:00,1112.0
2020-03-20 10:00:00,1113.0
2020-03-20 11:00:00,1342.0
2020-03-20 12:00:00,1714.0
2020-03-20 13:00:00,1987.0
2020-03-20 14:00:00,2168.0
2020-03-20 15:00:00,2553.0
2020-03-20 16:00:00,3218.0
2020-03-20 17:00:00,3924.0
2020-03-20 18:00:00,3931.0
2020-03-20 19:00:00,2491.0
2020-03-20 20:00:00,1316.0
2020-03-20 21:00:00,723.0
2020-03-20 22:00:00,511.0
2020-03-20 23:00:00,416.0
2020-03-21 00:00:00,247.0
2020-03-21 01:00:00,163.0
2020-03-21 02:00:00,115.0
2020-03-21 03:00:00,45.0
2020-03-21 04:00:00,46.0
2020-03-21 05:00:00,57.0
2020-03-21 06:00:00,159.0
2020-03-21 07:00:00,305.0
2020-03-21 08:00:00,544.0
2020-03-21 09:00:00,900.0
2020-03-21 10:00:00,1198.0
2020-03-21 11:00:00,1698.0
2020-03-21 12:00:00,2388.0
2020-03-21 13:00:00,3107.0
2020-03-21 14:00:00,3724.0
2020-03-21 15:00:00,4016.0
2020-03-21 16:00:00,3837.0
2020-03-21 17:00:00,3328.0
2020-03-21 18:00:00,2476.0
2020-03-21 19:00:00,1532.0
2020-03-21 20:00:00,799.0
2020-03-21 21:00:00,518.0
2020-03-21 22:00:00,323.0
2020-03-21 23:00:00,228.0
2020-03-22 00:00:00,157.0
2020-03-22 01:00:00,123.0
2020-03-22 02:00:00,43.0
2020-03-22 03:00:00,36.0
2020-03-22 04:00:00,25.0
2020-03-22 05:00:00,32.0
2020-03-22 06:00:00,116.0
2020-03-22 07:00:00,215.0
2020-03-22 08:00:00,403.0
2020-03-22 09:00:00,583.0
2020-03-22 10:00:00,877.0
2020-03-22 11:00:00,1173.0
2020-03-22 12:00:00,1548.0
2020-03-22 13:00:00,1829.0
2020-03-22 14:00:00,2222.0
2020-03-22 15:00:00,2502.0
2020-03-22 16:00:00,2509.0
2020-03-22 17:00:00,2053.0
2020-03-22 18:00:00,1459.0
2020-03-22 19:00:00,912.0
2020-03-22 20:00:00,422.0
2020-03-22 21:00:00,282.0
2020-03-22 22:00:00,200.0
2020-03-22 23:00:00,149.0
2020-03-23 00:00:00,84.0
2020-03-23 01:00:00,40.0
2020-03-23 02:00:00,19.0
2020-03-23 03:00:00,14.0
2020-03-23 04:00:00,29.0
2020-03-23 05:00:00,89.0
2020-03-23 06:00:00,297.0
2020-03-23 07:00:00,343.0
2020-03-23 08:00:00,394.0
2020-03-23 09:00:00,309.0
2020-03-23 10:00:00,207.0
2020-03-23 11:00:00,153.0
2020-03-23 12:00:00,201.0
2020-03-23 13:00:00,195.0
2020-03-23 14:00:00,166.0
2020-03-23 15:00:00,177.0
2020-03-23 16:00:00,139.0
2020-03-23 17:00:00,177.0
2020-03-23 18:00:00,143.0
2020-03-23 19:00:00,153.0
2020-03-23 20:00:00,223.0
2020-03-23 21:00:00,205.0
2020-03-23 22:00:00,138.0
2020-03-23 23:00:00,110.0
2020-03-24 00:00:00,61.0
2020-03-24 01:00:00,30.0
2020-03-24 02:00:00,23.0
2020-03-24 03:00:00,18.0
2020-03-24 04:00:00,35.0
2020-03-24 05:00:00,104.0
2020-03-24 06:00:00,389.0
2020-03-24 07:00:00,615.0
2020-03-24 08:00:00,744.0
2020-03-24 09:00:00,614.0
2020-03-24 10:00:00,701.0
2020-03-24 11:00:00,931.0
2020-03-24 12:00:00,1230.0
2020-03-24 13:00:00,1487.0
2020-03-24 14:00:00,1672.0
2020-03-24 15:00:00,1854.0
2020-03-24 16:00:00,2205.0
2020-03-24 17:00:00,2586.0
2020-03-24 18:00:00,2572.0
2020-03-24 19:00:00,1529.0
2020-03-24 20:00:00,734.0
2020-03-24 21:00:00,381.0
2020-03-24 22:00:00,257.0
2020-03-24 23:00:00,159.0
2020-03-25 00:00:00,84.0
2020-03-25 01:00:00,37.0
2020-03-25 02:00:00,23.0
2020-03-25 03:00:00,20.0
2020-03-25 04:00:00,32.0
2020-03-25 05:00:00,87.0
2020-03-25 06:00:00,405.0
2020-03-25 07:00:00,580.0
2020-03-25 08:00:00,682.0
2020-03-25 09:00:00,585.0
2020-03-25 10:00:00,557.0
2020-03-25 11:00:00,668.0
2020-03-25 12:00:00,744.0
2020-03-25 13:00:00,892.0
2020-03-25 14:00:00,627.0
2020-03-25 15:00:00,607.0
2020-03-25 16:00:00,927.0
2020-03-25 17:00:00,1262.0
2020-03-25 18:00:00,1246.0
2020-03-25 19:00:00,866.0
2020-03-25 20:00:00,513.0
2020-03-25 21:00:00,305.0
2020-03-25 22:00:00,200.0
2020-03-25 23:00:00,145.0
2020-03-26 00:00:00,88.0
2020-03-26 01:00:00,54.0
2020-03-26 02:00:00,28.0
2020-03-26 03:00:00,17.0
2020-03-26 04:00:00,23.0
2020-03-26 05:00:00,88.0
2020-03-26 06:00:00,404.0
2020-03-26 07:00:00,594.0
2020-03-26 08:00:00,768.0
2020-03-26 09:00:00,686.0
2020-03-26 10:00:00,744.0
2020-03-26 11:00:00,949.0
2020-03-26 12:00:00,1329.0
2020-03-26 13:00:00,1548.0
2020-03-26 14:00:00,1834.0
2020-03-26 15:00:00,2115.0
2020-03-26 16:00:00,2374.0
2020-03-26 17:00:00,2814.0
2020-03-26 18:00:00,2612.0
2020-03-26 19:00:00,1459.0
2020-03-26 20:00:00,675.0
2020-03-26 21:00:00,390.0
2020-03-26 22:00:00,286.0
2020-03-26 23:00:00,163.0
2020-03-27 00:00:00,90.0
2020-03-27 01:00:00,52.0
2020-03-27 02:00:00,35.0
2020-03-27 03:00:00,25.0
2020-03-27 04:00:00,27.0
2020-03-27 05:00:00,102.0
2020-03-27 06:00:00,389.0
2020-03-27 07:00:00,580.0
2020-03-27 08:00:00,720.0
2020-03-27 09:00:00,691.0
2020-03-27 10:00:00,733.0
2020-03-27 11:00:00,1064.0
2020-03-27 12:00:00,1385.0
2020-03-27 13:00:00,1729.0
2020-03-27 14:00:00,2248.0
2020-03-27 15:00:00,2566.0
2020-03-27 16:00:00,2917.0
2020-03-27 17:00:00,3444.0
2020-03-27 18:00:00,3432.0
2020-03-27 19:00:00,2108.0
2020-03-27 20:00:00,1032.0
2020-03-27 21:00:00,544.0
2020-03-27 22:00:00,390.0
2020-03-27 23:00:00,296.0
2020-03-28 00:00:00,172.0
2020-03-28 01:00:00,125.0
2020-03-28 02:00:00,70.0
2020-03-28 03:00:00,39.0
2020-03-28 04:00:00,36.0
2020-03-28 05:00:00,59.0
2020-03-28 06:00:00,152.0
2020-03-28 07:00:00,322.0
2020-03-28 08:00:00,612.0
2020-03-28 09:00:00,772.0
2020-03-28 10:00:00,494.0
2020-03-28 11:00:00,434.0
2020-03-28 12:00:00,553.0
2020-03-28 13:00:00,642.0
2020-03-28 14:00:00,431.0
2020-03-28 15:00:00,565.0
2020-03-28 16:00:00,891.0
2020-03-28 17:00:00,976.0
2020-03-28 18:00:00,643.0
2020-03-28 19:00:00,272.0
2020-03-28 20:00:00,238.0
2020-03-28 21:00:00,167.0
2020-03-28 22:00:00,105.0
2020-03-28 23:00:00,93.0
2020-03-29 00:00:00,70.0
2020-03-29 01:00:00,37.0
2020-03-29 02:00:00,24.0
2020-03-29 03:00:00,24.0
2020-03-29 04:00:00,11.0
2020-03-29 05:00:00,25.0
2020-03-29 06:00:00,89.0
2020-03-29 07:00:00,171.0
2020-03-29 08:00:00,296.0
2020-03-29 09:00:00,343.0
2020-03-29 10:00:00,521.0
2020-03-29 11:00:00,509.0
2020-03-29 12:00:00,616.0
2020-03-29 13:00:00,766.0
2020-03-29 14:00:00,927.0
2020-03-29 15:00:00,1072.0
2020-03-29 16:00:00,1085.0
2020-03-29 17:00:00,903.0
2020-03-29 18:00:00,714.0
2020-03-29 19:00:00,527.0
2020-03-29 20:00:00,346.0
2020-03-29 21:00:00,244.0
2020-03-29 22:00:00,190.0
2020-03-29 23:00:00,143.0
2020-03-30 00:00:00,76.0
2020-03-30 01:00:00,45.0
2020-03-30 02:00:00,53.0
2020-03-30 03:00:00,38.0
2020-03-30 04:00:00,27.0
2020-03-30 05:00:00,75.0
2020-03-30 06:00:00,352.0
2020-03-30 07:00:00,697.0
2020-03-30 08:00:00,814.0
2020-03-30 09:00:00,648.0
2020-03-30 10:00:00,711.0
2020-03-30 11:00:00,838.0
2020-03-30 12:00:00,1036.0
2020-03-30 13:00:00,1177.0
2020-03-30 14:00:00,1153.0
2020-03-30 15:00:00,1193.0
2020-03-30 16:00:00,1333.0
2020-03-30 17:00:00,1463.0
2020-03-30 18:00:00,1303.0
2020-03-30 19:00:00,933.0
2020-03-30 20:00:00,509.0
2020-03-30 21:00:00,206.0
2020-03-30 22:00:00,160.0
2020-03-30 23:00:00,139.0
2020-03-31 00:00:00,82.0
2020-03-31 01:00:00,31.0
2020-03-31 02:00:00,23.0
2020-03-31 03:00:00,22.0
2020-03-31 04:00:00,31.0
2020-03-31 05:00:00,69.0
2020-03-31 06:00:00,319.0
2020-03-31 07:00:00,590.0
2020-03-31 08:00:00,681.0
2020-03-31 09:00:00,560.0
2020-03-31 10:00:00,570.0
2020-03-31 11:00:00,666.0
2020-03-31 12:00:00,899.0
2020-03-31 13:00:00,955.0
2020-03-31 14:00:00,1149.0
2020-03-31 15:00:00,1223.0
2020-03-31 16:00:00,1405.0
2020-03-31 17:00:00,1675.0
2020-03-31 18:00:00,1670.0
2020-03-31 19:00:00,1056.0
2020-03-31 20:00:00,595.0
2020-03-31 21:00:00,352.0
2020-03-31 22:00:00,236.0
2020-03-31 23:00:00,152.0
2020-04-01 00:00:00,64.0
2020-04-01 01:00:00,46.0
2020-04-01 02:00:00,38.0
2020-04-01 03:00:00,33.0
2020-04-01 04:00:00,32.0
2020-04-01 05:00:00,102.0
2020-04-01 06:00:00,386.0
2020-04-01 07:00:00,682.0
2020-04-01 08:00:00,717.0
2020-04-01 09:00:00,581.0
2020-04-01 10:00:00,674.0
2020-04-01 11:00:00,911.0
2020-04-01 12:00:00,1227.0
2020-04-01 13:00:00,1455.0
2020-04-01 14:00:00,1583.0
2020-04-01 15:00:00,1895.0
2020-04-01 16:00:00,2012.0
2020-04-01 17:00:00,2456.0
2020-04-01 18:00:00,2368.0
2020-04-01 19:00:00,1592.0
2020-04-01 20:00:00,717.0
2020-04-01 21:00:00,378.0
2020-04-01 22:00:00,261.0
2020-04-01 23:00:00,173.0
2020-04-02 00:00:00,101.0
2020-04-02 01:00:00,57.0
2020-04-02 02:00:00,37.0
2020-04-02 03:00:00,21.0
2020-04-02 04:00:00,32.0
2020-04-02 05:00:00,98.0
2020-04-02 06:00:00,364.0
2020-04-02 07:00:00,632.0
2020-04-02 08:00:00,757.0
2020-04-02 09:00:00,698.0
2020-04-02 10:00:00,619.0
2020-04-02 11:00:00,832.0
2020-04-02 12:00:00,1155.0
2020-04-02 13:00:00,1322.0
2020-04-02 14:00:00,1453.0
2020-04-02 15:00:00,1666.0
2020-04-02 16:00:00,2016.0
2020-04-02 17:00:00,2326.0
2020-04-02 18:00:00,1988.0
2020-04-02 19:00:00,1357.0
2020-04-02 20:00:00,648.0
2020-04-02 21:00:00,349.0
2020-04-02 22:00:00,262.0
2020-04-02 23:00:00,159.0
2020-04-03 00:00:00,81.0
2020-04-03 01:00:00,59.0
2020-04-03 02:00:00,40.0
2020-04-03 03:00:00,20.0
2020-04-03 04:00:00,28.0
2020-04-03 05:00:00,77.0
2020-04-03 06:00:00,242.0
2020-04-03 07:00:00,344.0
2020-04-03 08:00:00,573.0
2020-04-03 09:00:00,569.0
2020-04-03 10:00:00,642.0
2020-04-03 11:00:00,573.0
2020-04-03 12:00:00,640.0
2020-04-03 13:00:00,690.0
2020-04-03 14:00:00,626.0
2020-04-03 15:00:00,604.0
2020-04-03 16:00:00,604.0
2020-04-03 17:00:00,1019.0
2020-04-03 18:00:00,1267.0
2020-04-03 19:00:00,1081.0
2020-04-03 20:00:00,647.0
2020-04-03 21:00:00,364.0
2020-04-03 22:00:00,283.0
2020-04-03 23:00:00,209.0
2020-04-04 00:00:00,120.0
2020-04-04 01:00:00,98.0
2020-04-04 02:00:00,66.0
2020-04-04 03:00:00,40.0
2020-04-04 04:00:00,30.0
2020-04-04 05:00:00,58.0
2020-04-04 06:00:00,158.0
2020-04-04 07:00:00,286.0
2020-04-04 08:00:00,397.0
2020-04-04 09:00:00,534.0
2020-04-04 10:00:00,863.0
2020-04-04 11:00:00,1204.0
2020-04-04 12:00:00,1669.0
2020-04-04 13:00:00,2613.0
2020-04-04 14:00:00,3489.0
2020-04-04 15:00:00,4100.0
2020-04-04 16:00:00,4062.0
2020-04-04 17:00:00,3548.0
2020-04-04 18:00:00,2435.0
2020-04-04 19:00:00,1417.0
2020-04-04 20:00:00,752.0
2020-04-04 21:00:00,433.0
2020-04-04 22:00:00,292.0
2020-04-04 23:00:00,205.0
2020-04-05 00:00:00,141.0
2020-04-05 01:00:00,76.0
2020-04-05 02:00:00,68.0
2020-04-05 03:00:00,34.0
2020-04-05 04:00:00,25.0
2020-04-05 05:00:00,42.0
2020-04-05 06:00:00,170.0
2020-04-05 07:00:00,332.0
2020-04-05 08:00:00,522.0
2020-04-05 09:00:00,733.0
2020-04-05 10:00:00,1124.0
2020-04-05 11:00:00,1347.0
2020-04-05 12:00:00,1792.0
2020-04-05 13:00:00,2389.0
2020-04-05 14:00:00,3197.0
2020-04-05 15:00:00,3589.0
2020-04-05 16:00:00,3234.0
2020-04-05 17:00:00,2499.0
2020-04-05 18:00:00,1804.0
2020-04-05 19:00:00,1166.0
2020-04-05 20:00:00,641.0
2020-04-05 21:00:00,393.0
2020-04-05 22:00:00,265.0
2020-04-05 23:00:00,200.0
2020-04-06 00:00:00,115.0
2020-04-06 01:00:00,57.0
2020-04-06 02:00:00,37.0
2020-04-06 03:00:00,12.0
2020-04-06 04:00:00,26.0
2020-04-06 05:00:00,69.0
2020-04-06 06:00:00,398.0
2020-04-06 07:00:00,734.0
2020-04-06 08:00:00,886.0
2020-04-06 09:00:00,761.0
2020-04-06 10:00:00,752.0
2020-04-06 11:00:00,1063.0
2020-04-06 12:00:00,1393.0
2020-04-06 13:00:00,1726.0
2020-04-06 14:00:00,2037.0
2020-04-06 15:00:00,2307.0
2020-04-06 16:00:00,2632.0
2020-04-06 17:00:00,3132.0
2020-04-06 18:00:00,2970.0
2020-04-06 19:00:00,1902.0
2020-04-06 20:00:00,789.0
2020-04-06 21:00:00,416.0
2020-04-06 22:00:00,268.0
2020-04-06 23:00:00,199.0
2020-04-07 00:00:00,99.0
2020-04-07 01:00:00,51.0
2020-04-07 02:00:00,37.0
2020-04-07 03:00:00,30.0
2020-04-07 04:00:00,31.0
2020-04-07 05:00:00,85.0
2020-04-07 06:00:00,428.0
2020-04-07 07:00:00,769.0
2020-04-07 08:00:00,912.0
2020-04-07 09:00:00,797.0
2020-04-07 10:00:00,731.0
2020-04-07 11:00:00,975.0
2020-04-07 12:00:00,1391.0
2020-04-07 13:00:00,1564.0
2020-04-07 14:00:00,1856.0
2020-04-07 15:00:00,2195.0
2020-04-07 16:00:00,2472.0
2020-04-07 17:00:00,2864.0
2020-04-07 18:00:00,2755.0
2020-04-07 19:00:00,1851.0
2020-04-07 20:00:00,805.0
2020-04-07 21:00:00,423.0
2020-04-07 22:00:00,341.0
2020-04-07 23:00:00,200.0
2020-04-08 00:00:00,117.0
2020-04-08 01:00:00,69.0
2020-04-08 02:00:00,32.0
2020-04-08 03:00:00,19.0
2020-04-08 04:00:00,13.0
2020-04-08 05:00:00,43.0
2020-04-08 06:00:00,311.0
2020-04-08 07:00:00,598.0
2020-04-08 08:00:00,737.0
2020-04-08 09:00:00,639.0
2020-04-08 10:00:00,640.0
2020-04-08 11:00:00,867.0
2020-04-08 12:00:00,1128.0
2020-04-08 13:00:00,1329.0
2020-04-08 14:00:00,1466.0
2020-04-08 15:00:00,1761.0
2020-04-08 16:00:00,2103.0
2020-04-08 17:00:00,2578.0
2020-04-08 18:00:00,2634.0
2020-04-08 19:00:00,1925.0
2020-04-08 20:00:00,865.0
2020-04-08 21:00:00,423.0
2020-04-08 22:00:00,297.0
2020-04-08 23:00:00,191.0
2020-04-09 00:00:00,103.0
2020-04-09 01:00:00,55.0
2020-04-09 02:00:00,41.0
2020-04-09 03:00:00,25.0
2020-04-09 04:00:00,26.0
2020-04-09 05:00:00,98.0
2020-04-09 06:00:00,428.0
2020-04-09 07:00:00,683.0
2020-04-09 08:00:00,737.0
2020-04-09 09:00:00,412.0
2020-04-09 10:00:00,417.0
2020-04-09 11:00:00,566.0
2020-04-09 12:00:00,842.0
2020-04-09 13:00:00,679.0
2020-04-09 14:00:00,380.0
2020-04-09 15:00:00,690.0
2020-04-09 16:00:00,1366.0
2020-04-09 17:00:00,1881.0
2020-04-09 18:00:00,1844.0
2020-04-09 19:00:00,1374.0
2020-04-09 20:00:00,660.0
2020-04-09 21:00:00,392.0
2020-04-09 22:00:00,257.0
2020-04-09 23:00:00,194.0
2020-04-10 00:00:00,109.0
2020-04-10 01:00:00,70.0
2020-04-10 02:00:00,41.0
2020-04-10 03:00:00,25.0
2020-04-10 04:00:00,30.0
2020-04-10 05:00:00,89.0
2020-04-10 06:00:00,297.0
2020-04-10 07:00:00,569.0
2020-04-10 08:00:00,778.0
2020-04-10 09:00:00,695.0
2020-04-10 10:00:00,718.0
2020-04-10 11:00:00,930.0
2020-04-10 12:00:00,1154.0
2020-04-10 13:00:00,1206.0
2020-04-10 14:00:00,1307.0
2020-04-10 15:00:00,1276.0
2020-04-10 16:00:00,1407.0
2020-04-10 17:00:00,1539.0
2020-04-10 18:00:00,1473.0
2020-04-10 19:00:00,1118.0
2020-04-10 20:00:00,708.0
2020-04-10 21:00:00,331.0
2020-04-10 22:00:00,251.0
2020-04-10 23:00:00,166.0
2020-04-11 00:00:00,135.0
2020-04-11 01:00:00,86.0
2020-04-11 02:00:00,42.0
2020-04-11 03:00:00,32.0
2020-04-11 04:00:00,32.0
2020-04-11 05:00:00,58.0
2020-04-11 06:00:00,205.0
2020-04-11 07:00:00,355.0
2020-04-11 08:00:00,527.0
2020-04-11 09:00:00,756.0
2020-04-11 10:00:00,1157.0
2020-04-11 11:00:00,1739.0
2020-04-11 12:00:00,2425.0
2020-04-11 13:00:00,3439.0
2020-04-11 14:00:00,4213.0
2020-04-11 15:00:00,4338.0
2020-04-11 16:00:00,4020.0
2020-04-11 17:00:00,3378.0
2020-04-11 18:00:00,2438.0
2020-04-11 19:00:00,1628.0
2020-04-11 20:00:00,919.0
2020-04-11 21:00:00,430.0
2020-04-11 22:00:00,320.0
2020-04-11 23:00:00,217.0
2020-04-12 00:00:00,179.0
2020-04-12 01:00:00,113.0
2020-04-12 02:00:00,57.0
2020-04-12 03:00:00,38.0
2020-04-12 04:00:00,27.0
2020-04-12 05:00:00,72.0
2020-04-12 06:00:00,199.0
2020-04-12 07:00:00,341.0
2020-04-12 08:00:00,525.0
2020-04-12 09:00:00,852.0
2020-04-12 10:00:00,1335.0
2020-04-12 11:00:00,1907.0
2020-04-12 12:00:00,2505.0
2020-04-12 13:00:00,2758.0
2020-04-12 14:00:00,2966.0
2020-04-12 15:00:00,3694.0
2020-04-12 16:00:00,3625.0
2020-04-12 17:00:00,3532.0
2020-04-12 18:00:00,2827.0
2020-04-12 19:00:00,1792.0
2020-04-12 20:00:00,798.0
2020-04-12 21:00:00,507.0
2020-04-12 22:00:00,420.0
2020-04-12 23:00:00,305.0
2020-04-13 00:00:00,148.0
2020-04-13 01:00:00,54.0
2020-04-13 02:00:00,18.0
2020-04-13 03:00:00,19.0
2020-04-13 04:00:00,15.0
2020-04-13 05:00:00,43.0
2020-04-13 06:00:00,151.0
2020-04-13 07:00:00,129.0
2020-04-13 08:00:00,121.0
2020-04-13 09:00:00,82.0
2020-04-13 10:00:00,92.0
2020-04-13 11:00:00,205.0
2020-04-13 12:00:00,340.0
2020-04-13 13:00:00,220.0
2020-04-13 14:00:00,251.0
2020-04-13 15:00:00,220.0
2020-04-13 16:00:00,511.0
2020-04-13 17:00:00,589.0
2020-04-13 18:00:00,1247.0
2020-04-13 19:00:00,1341.0
2020-04-13 20:00:00,742.0
2020-04-13 21:00:00,452.0
2020-04-13 22:00:00,411.0
2020-04-13 23:00:00,346.0
2020-04-14 00:00:00,169.0
2020-04-14 01:00:00,87.0
2020-04-14 02:00:00,39.0
2020-04-14 03:00:00,32.0
2020-04-14 04:00:00,33.0
2020-04-14 05:00:00,131.0
2020-04-14 06:00:00,456.0
2020-04-14 07:00:00,790.0
2020-04-14 08:00:00,886.0
2020-04-14 09:00:00,902.0
2020-04-14 10:00:00,932.0
2020-04-14 11:00:00,1025.0
2020-04-14 12:00:00,1412.0
2020-04-14 13:00:00,1737.0
2020-04-14 14:00:00,2023.0
2020-04-14 15:00:00,2302.0
2020-04-14 16:00:00,2772.0
2020-04-14 17:00:00,3031.0
2020-04-14 18:00:00,2795.0
2020-04-14 19:00:00,1759.0
2020-04-14 20:00:00,887.0
2020-04-14 21:00:00,444.0
2020-04-14 22:00:00,296.0
2020-04-14 23:00:00,213.0
2020-04-15 00:00:00,122.0
2020-04-15 01:00:00,45.0
2020-04-15 02:00:00,36.0
2020-04-15 03:00:00,25.0
2020-04-15 04:00:00,38.0
2020-04-15 05:00:00,126.0
2020-04-15 06:00:00,417.0
2020-04-15 07:00:00,713.0
2020-04-15 08:00:00,802.0
2020-04-15 09:00:00,694.0
2020-04-15 10:00:00,752.0
2020-04-15 11:00:00,902.0
2020-04-15 12:00:00,1239.0
2020-04-15 13:00:00,1610.0
2020-04-15 14:00:00,1759.0
2020-04-15 15:00:00,1927.0
2020-04-15 16:00:00,2204.0
2020-04-15 17:00:00,2569.0
2020-04-15 18:00:00,2515.0
2020-04-15 19:00:00,1848.0
2020-04-15 20:00:00,897.0
2020-04-15 21:00:00,421.0
2020-04-15 22:00:00,289.0
2020-04-15 23:00:00,203.0
2020-04-16 00:00:00,108.0
2020-04-16 01:00:00,50.0
2020-04-16 02:00:00,38.0
2020-04-16 03:00:00,24.0
2020-04-16 04:00:00,26.0
2020-04-16 05:00:00,111.0
2020-04-16 06:00:00,484.0
2020-04-16 07:00:00,744.0
2020-04-16 08:00:00,818.0
2020-04-16 09:00:00,784.0
2020-04-16 10:00:00,811.0
2020-04-16 11:00:00,946.0
2020-04-16 12:00:00,1230.0
2020-04-16 13:00:00,1348.0
2020-04-16 14:00:00,1493.0
2020-04-16 15:00:00,1575.0
2020-04-16 16:00:00,1815.0
2020-04-16 17:00:00,2082.0
2020-04-16 18:00:00,2049.0
2020-04-16 19:00:00,1426.0
2020-04-16 20:00:00,752.0
2020-04-16 21:00:00,373.0
2020-04-16 22:00:00,269.0
2020-04-16 23:00:00,177.0
2020-04-17 00:00:00,93.0
2020-04-17 01:00:00,39.0
2020-04-17 02:00:00,39.0
2020-04-17 03:00:00,19.0
2020-04-17 04:00:00,29.0
2020-04-17 05:00:00,93.0
2020-04-17 06:00:00,400.0
2020-04-17 07:00:00,713.0
2020-04-17 08:00:00,860.0
2020-04-17 09:00:00,809.0
2020-04-17 10:00:00,893.0
2020-04-17 11:00:00,1001.0
2020-04-17 12:00:00,1243.0
2020-04-17 13:00:00,1533.0
2020-04-17 14:00:00,1622.0
2020-04-17 15:00:00,1758.0
2020-04-17 16:00:00,1893.0
2020-04-17 17:00:00,1817.0
2020-04-17 18:00:00,1582.0
2020-04-17 19:00:00,1112.0
2020-04-17 20:00:00,583.0
2020-04-17 21:00:00,355.0
2020-04-17 22:00:00,207.0
2020-04-17 23:00:00,143.0
2020-04-18 00:00:00,92.0
2020-04-18 01:00:00,47.0
2020-04-18 02:00:00,32.0
2020-04-18 03:00:00,21.0
2020-04-18 04:00:00,24.0
2020-04-18 05:00:00,44.0
2020-04-18 06:00:00,154.0
2020-04-18 07:00:00,222.0
2020-04-18 08:00:00,269.0
2020-04-18 09:00:00,264.0
2020-04-18 10:00:00,354.0
2020-04-18 11:00:00,478.0
2020-04-18 12:00:00,805.0
2020-04-18 13:00:00,1341.0
2020-04-18 14:00:00,1665.0
2020-04-18 15:00:00,1904.0
2020-04-18 16:00:00,2066.0
2020-04-18 17:00:00,1784.0
2020-04-18 18:00:00,1421.0
2020-04-18 19:00:00,1211.0
2020-04-18 20:00:00,696.0
2020-04-18 21:00:00,427.0
2020-04-18 22:00:00,304.0
2020-04-18 23:00:00,220.0
2020-04-19 00:00:00,144.0
2020-04-19 01:00:00,111.0
2020-04-19 02:00:00,65.0
2020-04-19 03:00:00,36.0
2020-04-19 04:00:00,34.0
2020-04-19 05:00:00,66.0
2020-04-19 06:00:00,220.0
2020-04-19 07:00:00,383.0
2020-04-19 08:00:00,576.0
2020-04-19 09:00:00,938.0
2020-04-19 10:00:00,1548.0
2020-04-19 11:00:00,2648.0
2020-04-19 12:00:00,4108.0
2020-04-19 13:00:00,5699.0
2020-04-19 14:00:00,6638.0
2020-04-19 15:00:00,6873.0
2020-04-19 16:00:00,5878.0
2020-04-19 17:00:00,4209.0
2020-04-19 18:00:00,2586.0
2020-04-19 19:00:00,1678.0
2020-04-19 20:00:00,834.0
2020-04-19 21:00:00,546.0
2020-04-19 22:00:00,390.0
2020-04-19 23:00:00,308.0
2020-04-20 00:00:00,158.0
2020-04-20 01:00:00,66.0
2020-04-20 02:00:00,59.0
2020-04-20 03:00:00,47.0
2020-04-20 04:00:00,42.0
2020-04-20 05:00:00,113.0
2020-04-20 06:00:00,443.0
2020-04-20 07:00:00,804.0
2020-04-20 08:00:00,890.0
2020-04-20 09:00:00,834.0
2020-04-20 10:00:00,783.0
2020-04-20 11:00:00,957.0
2020-04-20 12:00:00,1167.0
2020-04-20 13:00:00,1375.0
2020-04-20 14:00:00,1497.0
2020-04-20 15:00:00,1778.0
2020-04-20 16:00:00,1989.0
2020-04-20 17:00:00,2387.0
2020-04-20 18:00:00,2495.0
2020-04-20 19:00:00,1885.0
2020-04-20 20:00:00,919.0
2020-04-20 21:00:00,496.0
2020-04-20 22:00:00,352.0
2020-04-20 23:00:00,237.0
2020-04-21 00:00:00,134.0
2020-04-21 01:00:00,72.0
2020-04-21 02:00:00,52.0
2020-04-21 03:00:00,37.0
2020-04-21 04:00:00,32.0
2020-04-21 05:00:00,121.0
2020-04-21 06:00:00,536.0
2020-04-21 07:00:00,909.0
2020-04-21 08:00:00,1043.0
2020-04-21 09:00:00,969.0
2020-04-21 10:00:00,1043.0
2020-04-21 11:00:00,1165.0
2020-04-21 12:00:00,441.0
2020-04-21 13:00:00,502.0
2020-04-21 14:00:00,567.0
2020-04-21 15:00:00,410.0
2020-04-21 16:00:00,1203.0
2020-04-21 17:00:00,2144.0
2020-04-21 18:00:00,2345.0
2020-04-21 19:00:00,1632.0
2020-04-21 20:00:00,729.0
2020-04-21 21:00:00,377.0
2020-04-21 22:00:00,319.0
2020-04-21 23:00:00,185.0
2020-04-22 00:00:00,111.0
2020-04-22 01:00:00,51.0
2020-04-22 02:00:00,21.0
2020-04-22 03:00:00,22.0
2020-04-22 04:00:00,53.0
2020-04-22 05:00:00,116.0
2020-04-22 06:00:00,458.0
2020-04-22 07:00:00,757.0
2020-04-22 08:00:00,960.0
2020-04-22 09:00:00,882.0
2020-04-22 10:00:00,847.0
2020-04-22 11:00:00,1055.0
2020-04-22 12:00:00,1405.0
2020-04-22 13:00:00,1612.0
2020-04-22 14:00:00,1782.0
2020-04-22 15:00:00,2029.0
2020-04-22 16:00:00,2216.0
2020-04-22 17:00:00,2620.0
2020-04-22 18:00:00,2771.0
2020-04-22 19:00:00,1943.0
2020-04-22 20:00:00,917.0
2020-04-22 21:00:00,447.0
2020-04-22 22:00:00,370.0
2020-04-22 23:00:00,231.0
2020-04-23 00:00:00,132.0
2020-04-23 01:00:00,60.0
2020-04-23 02:00:00,41.0
2020-04-23 03:00:00,25.0
2020-04-23 04:00:00,37.0
2020-04-23 05:00:00,117.0
2020-04-23 06:00:00,457.0
2020-04-23 07:00:00,800.0
2020-04-23 08:00:00,808.0
2020-04-23 09:00:00,633.0
2020-04-23 10:00:00,614.0
2020-04-23 11:00:00,839.0
2020-04-23 12:00:00,1102.0
2020-04-23 13:00:00,1228.0
2020-04-23 14:00:00,1350.0
2020-04-23 15:00:00,1598.0
2020-04-23 16:00:00,1850.0
2020-04-23 17:00:00,2116.0
2020-04-23 18:00:00,2126.0
2020-04-23 19:00:00,1644.0
2020-04-23 20:00:00,796.0
2020-04-23 21:00:00,374.0
2020-04-23 22:00:00,175.0
2020-04-23 23:00:00,113.0
2020-04-24 00:00:00,56.0
2020-04-24 01:00:00,17.0
2020-04-24 02:00:00,24.0
2020-04-24 03:00:00,21.0
2020-04-24 04:00:00,19.0
2020-04-24 05:00:00,79.0
2020-04-24 06:00:00,349.0
2020-04-24 07:00:00,488.0
2020-04-24 08:00:00,452.0
2020-04-24 09:00:00,216.0
2020-04-24 10:00:00,228.0
2020-04-24 11:00:00,425.0
2020-04-24 12:00:00,608.0
2020-04-24 13:00:00,570.0
2020-04-24 14:00:00,782.0
2020-04-24 15:00:00,1028.0
2020-04-24 16:00:00,1116.0
2020-04-24 17:00:00,1392.0
2020-04-24 18:00:00,1565.0
2020-04-24 19:00:00,1345.0
2020-04-24 20:00:00,726.0
2020-04-24 21:00:00,443.0
2020-04-24 22:00:00,340.0
2020-04-24 23:00:00,249.0
2020-04-25 00:00:00,159.0
2020-04-25 01:00:00,121.0
2020-04-25 02:00:00,52.0
2020-04-25 03:00:00,50.0
2020-04-25 04:00:00,37.0
2020-04-25 05:00:00,75.0
2020-04-25 06:00:00,289.0
2020-04-25 07:00:00,535.0
2020-04-25 08:00:00,846.0
2020-04-25 09:00:00,1324.0
2020-04-25 10:00:00,2013.0
2020-04-25 11:00:00,3254.0
2020-04-25 12:00:00,4964.0
2020-04-25 13:00:00,6888.0
2020-04-25 14:00:00,7596.0
2020-04-25 15:00:00,7415.0
2020-04-25 16:00:00,7002.0
2020-04-25 17:00:00,6068.0
2020-04-25 18:00:00,4208.0
2020-04-25 19:00:00,2507.0
2020-04-25 20:00:00,1247.0
2020-04-25 21:00:00,681.0
2020-04-25 22:00:00,499.0
2020-04-25 23:00:00,349.0
2020-04-26 00:00:00,236.0
2020-04-26 01:00:00,150.0
2020-04-26 02:00:00,68.0
2020-04-26 03:00:00,44.0
2020-04-26 04:00:00,69.0
2020-04-26 05:00:00,62.0
2020-04-26 06:00:00,224.0
2020-04-26 07:00:00,381.0
2020-04-26 08:00:00,376.0
2020-04-26 09:00:00,540.0
2020-04-26 10:00:00,853.0
2020-04-26 11:00:00,753.0
2020-04-26 12:00:00,737.0
2020-04-26 13:00:00,709.0
2020-04-26 14:00:00,603.0
2020-04-26 15:00:00,554.0
2020-04-26 16:00:00,557.0
2020-04-26 17:00:00,478.0
2020-04-26 18:00:00,687.0
2020-04-26 19:00:00,516.0
2020-04-26 20:00:00,370.0
2020-04-26 21:00:00,246.0
2020-04-26 22:00:00,200.0
2020-04-26 23:00:00,162.0
2020-04-27 00:00:00,72.0
2020-04-27 01:00:00,35.0
2020-04-27 02:00:00,25.0
2020-04-27 03:00:00,18.0
2020-04-27 04:00:00,25.0
2020-04-27 05:00:00,95.0
2020-04-27 06:00:00,436.0
2020-04-27 07:00:00,734.0
2020-04-27 08:00:00,846.0
2020-04-27 09:00:00,706.0
2020-04-27 10:00:00,795.0
2020-04-27 11:00:00,923.0
2020-04-27 12:00:00,1162.0
2020-04-27 13:00:00,1205.0
2020-04-27 14:00:00,1196.0
2020-04-27 15:00:00,1368.0
2020-04-27 16:00:00,1519.0
2020-04-27 17:00:00,1784.0
2020-04-27 18:00:00,1720.0
2020-04-27 19:00:00,1369.0
2020-04-27 20:00:00,744.0
2020-04-27 21:00:00,427.0
2020-04-27 22:00:00,307.0
2020-04-27 23:00:00,235.0
2020-04-28 00:00:00,108.0
2020-04-28 01:00:00,70.0
2020-04-28 02:00:00,30.0
2020-04-28 03:00:00,35.0
2020-04-28 04:00:00,31.0
2020-04-28 05:00:00,113.0
2020-04-28 06:00:00,563.0
2020-04-28 07:00:00,967.0
2020-04-28 08:00:00,1157.0
2020-04-28 09:00:00,1108.0
2020-04-28 10:00:00,1285.0
2020-04-28 11:00:00,1976.0
2020-04-28 12:00:00,2473.0
2020-04-28 13:00:00,2797.0
2020-04-28 14:00:00,3115.0
2020-04-28 15:00:00,3535.0
2020-04-28 16:00:00,4142.0
2020-04-28 17:00:00,4900.0
2020-04-28 18:00:00,4744.0
2020-04-28 19:00:00,3206.0
2020-04-28 20:00:00,1531.0
2020-04-28 21:00:00,700.0
2020-04-28 22:00:00,487.0
2020-04-28 23:00:00,336.0
2020-04-29 00:00:00,197.0
2020-04-29 01:00:00,105.0
2020-04-29 02:00:00,47.0
2020-04-29 03:00:00,33.0
2020-04-29 04:00:00,48.0
2020-04-29 05:00:00,148.0
2020-04-29 06:00:00,571.0
2020-04-29 07:00:00,921.0
2020-04-29 08:00:00,1021.0
2020-04-29 09:00:00,879.0
2020-04-29 10:00:00,928.0
2020-04-29 11:00:00,1096.0
2020-04-29 12:00:00,1427.0
2020-04-29 13:00:00,1526.0
2020-04-29 14:00:00,1714.0
2020-04-29 15:00:00,1824.0
2020-04-29 16:00:00,1893.0
2020-04-29 17:00:00,2290.0
2020-04-29 18:00:00,1873.0
2020-04-29 19:00:00,1211.0
2020-04-29 20:00:00,761.0
2020-04-29 21:00:00,475.0
2020-04-29 22:00:00,338.0
2020-04-29 23:00:00,232.0
2020-04-30 00:00:00,99.0
2020-04-30 01:00:00,70.0
2020-04-30 02:00:00,39.0
2020-04-30 03:00:00,33.0
2020-04-30 04:00:00,26.0
2020-04-30 05:00:00,94.0
2020-04-30 06:00:00,387.0
2020-04-30 07:00:00,686.0
2020-04-30 08:00:00,344.0
2020-04-30 09:00:00,373.0
2020-04-30 10:00:00,443.0
2020-04-30 11:00:00,389.0
2020-04-30 12:00:00,692.0
2020-04-30 13:00:00,1004.0
2020-04-30 14:00:00,1159.0
2020-04-30 15:00:00,1338.0
2020-04-30 16:00:00,1488.0
2020-04-30 17:00:00,1750.0
2020-04-30 18:00:00,1736.0
2020-04-30 19:00:00,1223.0
2020-04-30 20:00:00,517.0
2020-04-30 21:00:00,166.0
2020-04-30 22:00:00,175.0
2020-04-30 23:00:00,144.0
2020-05-01 00:00:00,86.0
2020-05-01 01:00:00,38.0
2020-05-01 02:00:00,26.0
2020-05-01 03:00:00,25.0
2020-05-01 04:00:00,37.0
2020-05-01 05:00:00,127.0
2020-05-01 06:00:00,434.0
2020-05-01 07:00:00,603.0
2020-05-01 08:00:00,524.0
2020-05-01 09:00:00,421.0
2020-05-01 10:00:00,416.0
2020-05-01 11:00:00,761.0
2020-05-01 12:00:00,1284.0
2020-05-01 13:00:00,1431.0
2020-05-01 14:00:00,1445.0
2020-05-01 15:00:00,2038.0
2020-05-01 16:00:00,2377.0
2020-05-01 17:00:00,3108.0
2020-05-01 18:00:00,3412.0
2020-05-01 19:00:00,2963.0
2020-05-01 20:00:00,1570.0
2020-05-01 21:00:00,790.0
2020-05-01 22:00:00,504.0
2020-05-01 23:00:00,345.0
2020-05-02 00:00:00,257.0
2020-05-02 01:00:00,128.0
2020-05-02 02:00:00,83.0
2020-05-02 03:00:00,62.0
2020-05-02 04:00:00,53.0
2020-05-02 05:00:00,93.0
2020-05-02 06:00:00,340.0
2020-05-02 07:00:00,659.0
2020-05-02 08:00:00,1232.0
2020-05-02 09:00:00,1691.0
2020-05-02 10:00:00,2763.0
2020-05-02 11:00:00,4245.0
2020-05-02 12:00:00,5862.0
2020-05-02 13:00:00,7527.0
2020-05-02 14:00:00,8637.0
2020-05-02 15:00:00,8270.0
2020-05-02 16:00:00,7641.0
2020-05-02 17:00:00,7141.0
2020-05-02 18:00:00,6119.0
2020-05-02 19:00:00,4562.0
2020-05-02 20:00:00,2336.0
2020-05-02 21:00:00,1167.0
2020-05-02 22:00:00,758.0
2020-05-02 23:00:00,600.0
2020-05-03 00:00:00,373.0
2020-05-03 01:00:00,219.0
2020-05-03 02:00:00,141.0
2020-05-03 03:00:00,59.0
2020-05-03 04:00:00,38.0
2020-05-03 05:00:00,60.0
2020-05-03 06:00:00,243.0
2020-05-03 07:00:00,501.0
2020-05-03 08:00:00,845.0
2020-05-03 09:00:00,1373.0
2020-05-03 10:00:00,2118.0
2020-05-03 11:00:00,3257.0
2020-05-03 12:00:00,4435.0
2020-05-03 13:00:00,6043.0
2020-05-03 14:00:00,6949.0
2020-05-03 15:00:00,7505.0
2020-05-03 16:00:00,7297.0
2020-05-03 17:00:00,7041.0
2020-05-03 18:00:00,5824.0
2020-05-03 19:00:00,4223.0
2020-05-03 20:00:00,2416.0
2020-05-03 21:00:00,1180.0
2020-05-03 22:00:00,759.0
2020-05-03 23:00:00,434.0
2020-05-04 00:00:00,283.0
2020-05-04 01:00:00,140.0
2020-05-04 02:00:00,85.0
2020-05-04 03:00:00,52.0
2020-05-04 04:00:00,41.0
2020-05-04 05:00:00,136.0
2020-05-04 06:00:00,592.0
2020-05-04 07:00:00,1115.0
2020-05-04 08:00:00,1383.0
2020-05-04 09:00:00,1342.0
2020-05-04 10:00:00,1500.0
2020-05-04 11:00:00,1776.0
2020-05-04 12:00:00,2294.0
2020-05-04 13:00:00,2346.0
2020-05-04 14:00:00,2442.0
2020-05-04 15:00:00,2541.0
2020-05-04 16:00:00,2767.0
2020-05-04 17:00:00,3428.0
2020-05-04 18:00:00,3403.0
2020-05-04 19:00:00,2228.0
2020-05-04 20:00:00,1091.0
2020-05-04 21:00:00,607.0
2020-05-04 22:00:00,378.0
2020-05-04 23:00:00,252.0
2020-05-05 00:00:00,134.0
2020-05-05 01:00:00,81.0
2020-05-05 02:00:00,51.0
2020-05-05 03:00:00,41.0
2020-05-05 04:00:00,45.0
2020-05-05 05:00:00,157.0
2020-05-05 06:00:00,642.0
2020-05-05 07:00:00,1133.0
2020-05-05 08:00:00,1297.0
2020-05-05 09:00:00,1268.0
2020-05-05 10:00:00,1299.0
2020-05-05 11:00:00,1563.0
2020-05-05 12:00:00,1911.0
2020-05-05 13:00:00,2439.0
2020-05-05 14:00:00,2586.0
2020-05-05 15:00:00,2593.0
2020-05-05 16:00:00,3108.0
2020-05-05 17:00:00,3966.0
2020-05-05 18:00:00,4118.0
2020-05-05 19:00:00,3098.0
2020-05-05 20:00:00,1652.0
2020-05-05 21:00:00,886.0
2020-05-05 22:00:00,558.0
2020-05-05 23:00:00,364.0
2020-05-06 00:00:00,226.0
2020-05-06 01:00:00,121.0
2020-05-06 02:00:00,58.0
2020-05-06 03:00:00,45.0
2020-05-06 04:00:00,51.0
2020-05-06 05:00:00,167.0
2020-05-06 06:00:00,620.0
2020-05-06 07:00:00,1006.0
2020-05-06 08:00:00,1231.0
2020-05-06 09:00:00,1202.0
2020-05-06 10:00:00,1129.0
2020-05-06 11:00:00,1270.0
2020-05-06 12:00:00,1350.0
2020-05-06 13:00:00,1019.0
2020-05-06 14:00:00,1095.0
2020-05-06 15:00:00,776.0
2020-05-06 16:00:00,841.0
2020-05-06 17:00:00,1151.0
2020-05-06 18:00:00,1129.0
2020-05-06 19:00:00,958.0
2020-05-06 20:00:00,734.0
2020-05-06 21:00:00,448.0
2020-05-06 22:00:00,309.0
2020-05-06 23:00:00,240.0
2020-05-07 00:00:00,121.0
2020-05-07 01:00:00,70.0
2020-05-07 02:00:00,36.0
2020-05-07 03:00:00,40.0
2020-05-07 04:00:00,52.0
2020-05-07 05:00:00,170.0
2020-05-07 06:00:00,710.0
2020-05-07 07:00:00,1239.0
2020-05-07 08:00:00,1406.0
2020-05-07 09:00:00,1386.0
2020-05-07 10:00:00,1378.0
2020-05-07 11:00:00,1952.0
2020-05-07 12:00:00,2517.0
2020-05-07 13:00:00,2905.0
2020-05-07 14:00:00,3396.0
2020-05-07 15:00:00,3696.0
2020-05-07 16:00:00,4151.0
2020-05-07 17:00:00,5223.0
2020-05-07 18:00:00,5135.0
2020-05-07 19:00:00,3782.0
2020-05-07 20:00:00,1984.0
2020-05-07 21:00:00,909.0
2020-05-07 22:00:00,699.0
2020-05-07 23:00:00,476.0
2020-05-08 00:00:00,245.0
2020-05-08 01:00:00,129.0
2020-05-08 02:00:00,54.0
2020-05-08 03:00:00,51.0
2020-05-08 04:00:00,56.0
2020-05-08 05:00:00,172.0
2020-05-08 06:00:00,637.0
2020-05-08 07:00:00,1081.0
2020-05-08 08:00:00,1361.0
2020-05-08 09:00:00,1263.0
2020-05-08 10:00:00,1355.0
2020-05-08 11:00:00,1411.0
2020-05-08 12:00:00,1074.0
2020-05-08 13:00:00,870.0
2020-05-08 14:00:00,826.0
2020-05-08 15:00:00,1086.0
2020-05-08 16:00:00,1166.0
2020-05-08 17:00:00,1383.0
2020-05-08 18:00:00,1339.0
2020-05-08 19:00:00,801.0
2020-05-08 20:00:00,406.0
2020-05-08 21:00:00,203.0
2020-05-08 22:00:00,147.0
2020-05-08 23:00:00,119.0
2020-05-09 00:00:00,72.0
2020-05-09 01:00:00,29.0
2020-05-09 02:00:00,41.0
2020-05-09 03:00:00,48.0
2020-05-09 04:00:00,29.0
2020-05-09 05:00:00,78.0
2020-05-09 06:00:00,229.0
2020-05-09 07:00:00,398.0
2020-05-09 08:00:00,646.0
2020-05-09 09:00:00,871.0
2020-05-09 10:00:00,1292.0
2020-05-09 11:00:00,1845.0
2020-05-09 12:00:00,2410.0
2020-05-09 13:00:00,2920.0
2020-05-09 14:00:00,3091.0
2020-05-09 15:00:00,3030.0
2020-05-09 16:00:00,2688.0
2020-05-09 17:00:00,2278.0
2020-05-09 18:00:00,1842.0
2020-05-09 19:00:00,1579.0
2020-05-09 20:00:00,964.0
2020-05-09 21:00:00,544.0
2020-05-09 22:00:00,366.0
2020-05-09 23:00:00,297.0
2020-05-10 00:00:00,229.0
2020-05-10 01:00:00,165.0
2020-05-10 02:00:00,78.0
2020-05-10 03:00:00,47.0
2020-05-10 04:00:00,39.0
2020-05-10 05:00:00,69.0
2020-05-10 06:00:00,254.0
2020-05-10 07:00:00,456.0
2020-05-10 08:00:00,672.0
2020-05-10 09:00:00,1168.0
2020-05-10 10:00:00,1749.0
2020-05-10 11:00:00,2734.0
2020-05-10 12:00:00,3817.0
2020-05-10 13:00:00,5425.0
2020-05-10 14:00:00,6383.0
2020-05-10 15:00:00,6774.0
2020-05-10 16:00:00,6560.0
2020-05-10 17:00:00,5898.0
2020-05-10 18:00:00,4782.0
2020-05-10 19:00:00,3410.0
2020-05-10 20:00:00,1707.0
2020-05-10 21:00:00,777.0
2020-05-10 22:00:00,590.0
2020-05-10 23:00:00,363.0
2020-05-11 00:00:00,158.0
2020-05-11 01:00:00,111.0
2020-05-11 02:00:00,56.0
2020-05-11 03:00:00,46.0
2020-05-11 04:00:00,47.0
2020-05-11 05:00:00,140.0
2020-05-11 06:00:00,633.0
2020-05-11 07:00:00,1036.0
2020-05-11 08:00:00,1231.0
2020-05-11 09:00:00,701.0
2020-05-11 10:00:00,884.0
2020-05-11 11:00:00,1180.0
2020-05-11 12:00:00,1333.0
2020-05-11 13:00:00,1210.0
2020-05-11 14:00:00,1591.0
2020-05-11 15:00:00,1849.0
2020-05-11 16:00:00,2193.0
2020-05-11 17:00:00,1411.0
2020-05-11 18:00:00,2469.0
2020-05-11 19:00:00,1972.0
2020-05-11 20:00:00,1141.0
2020-05-11 21:00:00,573.0
2020-05-11 22:00:00,381.0
2020-05-11 23:00:00,257.0
2020-05-12 00:00:00,160.0
2020-05-12 01:00:00,71.0
2020-05-12 02:00:00,56.0
2020-05-12 03:00:00,37.0
2020-05-12 04:00:00,57.0
2020-05-12 05:00:00,191.0
2020-05-12 06:00:00,701.0
2020-05-12 07:00:00,1170.0
2020-05-12 08:00:00,1369.0
2020-05-12 09:00:00,1210.0
2020-05-12 10:00:00,1286.0
2020-05-12 11:00:00,1519.0
2020-05-12 12:00:00,2053.0
2020-05-12 13:00:00,2257.0
2020-05-12 14:00:00,2556.0
2020-05-12 15:00:00,3047.0
2020-05-12 16:00:00,3503.0
2020-05-12 17:00:00,4096.0
2020-05-12 18:00:00,4124.0
2020-05-12 19:00:00,2995.0
2020-05-12 20:00:00,1646.0
2020-05-12 21:00:00,767.0
2020-05-12 22:00:00,540.0
2020-05-12 23:00:00,320.0
2020-05-13 00:00:00,180.0
2020-05-13 01:00:00,77.0
2020-05-13 02:00:00,52.0
2020-05-13 03:00:00,47.0
2020-05-13 04:00:00,56.0
2020-05-13 05:00:00,170.0
2020-05-13 06:00:00,676.0
2020-05-13 07:00:00,1132.0
2020-05-13 08:00:00,1432.0
2020-05-13 09:00:00,1351.0
2020-05-13 10:00:00,1414.0
2020-05-13 11:00:00,1778.0
2020-05-13 12:00:00,2114.0
2020-05-13 13:00:00,2615.0
2020-05-13 14:00:00,2944.0
2020-05-13 15:00:00,3326.0
2020-05-13 16:00:00,3984.0
2020-05-13 17:00:00,4721.0
2020-05-13 18:00:00,4852.0
2020-05-13 19:00:00,3665.0
2020-05-13 20:00:00,1940.0
2020-05-13 21:00:00,901.0
2020-05-13 22:00:00,587.0
2020-05-13 23:00:00,399.0
2020-05-14 00:00:00,223.0
2020-05-14 01:00:00,119.0
2020-05-14 02:00:00,83.0
2020-05-14 03:00:00,61.0
2020-05-14 04:00:00,56.0
2020-05-14 05:00:00,186.0
2020-05-14 06:00:00,667.0
2020-05-14 07:00:00,1274.0
2020-05-14 08:00:00,1468.0
2020-05-14 09:00:00,1384.0
2020-05-14 10:00:00,1598.0
2020-05-14 11:00:00,1883.0
2020-05-14 12:00:00,2382.0
2020-05-14 13:00:00,2676.0
2020-05-14 14:00:00,2970.0
2020-05-14 15:00:00,3297.0
2020-05-14 16:00:00,3918.0
2020-05-14 17:00:00,4641.0
2020-05-14 18:00:00,4768.0
2020-05-14 19:00:00,3596.0
2020-05-14 20:00:00,1937.0
2020-05-14 21:00:00,1015.0
2020-05-14 22:00:00,689.0
2020-05-14 23:00:00,474.0
2020-05-15 00:00:00,283.0
2020-05-15 01:00:00,133.0
2020-05-15 02:00:00,98.0
2020-05-15 03:00:00,57.0
2020-05-15 04:00:00,53.0
2020-05-15 05:00:00,151.0
2020-05-15 06:00:00,705.0
2020-05-15 07:00:00,1138.0
2020-05-15 08:00:00,1363.0
2020-05-15 09:00:00,1313.0
2020-05-15 10:00:00,1707.0
2020-05-15 11:00:00,2235.0
2020-05-15 12:00:00,2735.0
2020-05-15 13:00:00,3291.0
2020-05-15 14:00:00,3956.0
2020-05-15 15:00:00,4432.0
2020-05-15 16:00:00,5009.0
2020-05-15 17:00:00,6003.0
2020-05-15 18:00:00,6127.0
2020-05-15 19:00:00,5090.0
2020-05-15 20:00:00,3169.0
2020-05-15 21:00:00,1834.0
2020-05-15 22:00:00,1079.0
2020-05-15 23:00:00,514.0
2020-05-16 00:00:00,348.0
2020-05-16 01:00:00,283.0
2020-05-16 02:00:00,144.0
2020-05-16 03:00:00,79.0
2020-05-16 04:00:00,58.0
2020-05-16 05:00:00,119.0
2020-05-16 06:00:00,443.0
2020-05-16 07:00:00,851.0
2020-05-16 08:00:00,1301.0
2020-05-16 09:00:00,2039.0
2020-05-16 10:00:00,3000.0
2020-05-16 11:00:00,4388.0
2020-05-16 12:00:00,5989.0
2020-05-16 13:00:00,7549.0
2020-05-16 14:00:00,8271.0
2020-05-16 15:00:00,8621.0
2020-05-16 16:00:00,8415.0
2020-05-16 17:00:00,7766.0
2020-05-16 18:00:00,6982.0
2020-05-16 19:00:00,5825.0
2020-05-16 20:00:00,3506.0
2020-05-16 21:00:00,1862.0
2020-05-16 22:00:00,1158.0
2020-05-16 23:00:00,828.0
2020-05-17 00:00:00,562.0
2020-05-17 01:00:00,359.0
2020-05-17 02:00:00,176.0
2020-05-17 03:00:00,115.0
2020-05-17 04:00:00,71.0
2020-05-17 05:00:00,134.0
2020-05-17 06:00:00,368.0
2020-05-17 07:00:00,699.0
2020-05-17 08:00:00,1064.0
2020-05-17 09:00:00,1732.0
2020-05-17 10:00:00,2570.0
2020-05-17 11:00:00,3796.0
2020-05-17 12:00:00,4970.0
2020-05-17 13:00:00,6439.0
2020-05-17 14:00:00,7333.0
2020-05-17 15:00:00,7454.0
2020-05-17 16:00:00,7339.0
2020-05-17 17:00:00,6701.0
2020-05-17 18:00:00,4942.0
2020-05-17 19:00:00,2892.0
2020-05-17 20:00:00,1743.0
2020-05-17 21:00:00,918.0
2020-05-17 22:00:00,589.0
2020-05-17 23:00:00,416.0
2020-05-18 00:00:00,259.0
2020-05-18 01:00:00,137.0
2020-05-18 02:00:00,76.0
2020-05-18 03:00:00,53.0
2020-05-18 04:00:00,75.0
2020-05-18 05:00:00,172.0
2020-05-18 06:00:00,787.0
2020-05-18 07:00:00,1316.0
2020-05-18 08:00:00,1614.0
2020-05-18 09:00:00,1481.0
2020-05-18 10:00:00,1458.0
2020-05-18 11:00:00,1738.0
2020-05-18 12:00:00,2050.0
2020-05-18 13:00:00,2484.0
2020-05-18 14:00:00,2709.0
2020-05-18 15:00:00,3036.0
2020-05-18 16:00:00,3467.0
2020-05-18 17:00:00,4256.0
2020-05-18 18:00:00,4469.0
2020-05-18 19:00:00,3514.0
2020-05-18 20:00:00,1865.0
2020-05-18 21:00:00,930.0
2020-05-18 22:00:00,636.0
2020-05-18 23:00:00,384.0
2020-05-19 00:00:00,230.0
2020-05-19 01:00:00,109.0
2020-05-19 02:00:00,77.0
2020-05-19 03:00:00,61.0
2020-05-19 04:00:00,71.0
2020-05-19 05:00:00,231.0
2020-05-19 06:00:00,873.0
2020-05-19 07:00:00,1453.0
2020-05-19 08:00:00,1761.0
2020-05-19 09:00:00,1574.0
2020-05-19 10:00:00,1609.0
2020-05-19 11:00:00,1812.0
2020-05-19 12:00:00,2350.0
2020-05-19 13:00:00,2455.0
2020-05-19 14:00:00,2614.0
2020-05-19 15:00:00,2979.0
2020-05-19 16:00:00,3624.0
2020-05-19 17:00:00,4593.0
2020-05-19 18:00:00,4795.0
2020-05-19 19:00:00,3585.0
2020-05-19 20:00:00,1897.0
2020-05-19 21:00:00,976.0
2020-05-19 22:00:00,631.0
2020-05-19 23:00:00,428.0
2020-05-20 00:00:00,239.0
2020-05-20 01:00:00,102.0
2020-05-20 02:00:00,70.0
2020-05-20 03:00:00,54.0
2020-05-20 04:00:00,53.0
2020-05-20 05:00:00,215.0
2020-05-20 06:00:00,875.0
2020-05-20 07:00:00,1464.0
2020-05-20 08:00:00,1744.0
2020-05-20 09:00:00,1622.0
2020-05-20 10:00:00,1701.0
2020-05-20 11:00:00,2085.0
2020-05-20 12:00:00,2394.0
2020-05-20 13:00:00,2776.0
2020-05-20 14:00:00,3192.0
2020-05-20 15:00:00,3649.0
2020-05-20 16:00:00,4198.0
2020-05-20 17:00:00,5105.0
2020-05-20 18:00:00,5332.0
2020-05-20 19:00:00,4001.0
2020-05-20 20:00:00,2232.0
2020-05-20 21:00:00,1116.0
2020-05-20 22:00:00,716.0
2020-05-20 23:00:00,453.0
2020-05-21 00:00:00,264.0
2020-05-21 01:00:00,122.0
2020-05-21 02:00:00,70.0
2020-05-21 03:00:00,48.0
2020-05-21 04:00:00,58.0
2020-05-21 05:00:00,210.0
2020-05-21 06:00:00,838.0
2020-05-21 07:00:00,1475.0
2020-05-21 08:00:00,1717.0
2020-05-21 09:00:00,1703.0
2020-05-21 10:00:00,1693.0
2020-05-21 11:00:00,2143.0
2020-05-21 12:00:00,2702.0
2020-05-21 13:00:00,3049.0
2020-05-21 14:00:00,3421.0
2020-05-21 15:00:00,3955.0
2020-05-21 16:00:00,4625.0
2020-05-21 17:00:00,5426.0
2020-05-21 18:00:00,5499.0
2020-05-21 19:00:00,4220.0
2020-05-21 20:00:00,2671.0
2020-05-21 21:00:00,1251.0
2020-05-21 22:00:00,774.0
2020-05-21 23:00:00,547.0
2020-05-22 00:00:00,302.0
2020-05-22 01:00:00,161.0
2020-05-22 02:00:00,103.0
2020-05-22 03:00:00,84.0
2020-05-22 04:00:00,87.0
2020-05-22 05:00:00,206.0
2020-05-22 06:00:00,801.0
2020-05-22 07:00:00,1434.0
2020-05-22 08:00:00,1796.0
2020-05-22 09:00:00,1943.0
2020-05-22 10:00:00,2244.0
2020-05-22 11:00:00,2821.0
2020-05-22 12:00:00,3482.0
2020-05-22 13:00:00,3974.0
2020-05-22 14:00:00,4825.0
2020-05-22 15:00:00,5179.0
2020-05-22 16:00:00,5674.0
2020-05-22 17:00:00,4261.0
2020-05-22 18:00:00,2139.0
2020-05-22 19:00:00,2118.0
2020-05-22 20:00:00,1448.0
2020-05-22 21:00:00,962.0
2020-05-22 22:00:00,699.0
2020-05-22 23:00:00,617.0
2020-05-23 00:00:00,374.0
2020-05-23 01:00:00,249.0
2020-05-23 02:00:00,181.0
2020-05-23 03:00:00,118.0
2020-05-23 04:00:00,77.0
2020-05-23 05:00:00,140.0
2020-05-23 06:00:00,362.0
2020-05-23 07:00:00,637.0
2020-05-23 08:00:00,946.0
2020-05-23 09:00:00,1281.0
2020-05-23 10:00:00,1038.0
2020-05-23 11:00:00,485.0
2020-05-23 12:00:00,602.0
2020-05-23 13:00:00,1036.0
2020-05-23 14:00:00,1233.0
2020-05-23 15:00:00,1978.0
2020-05-23 16:00:00,2327.0
2020-05-23 17:00:00,2070.0
2020-05-23 18:00:00,2383.0
2020-05-23 19:00:00,2228.0
2020-05-23 20:00:00,1413.0
2020-05-23 21:00:00,897.0
2020-05-23 22:00:00,541.0
2020-05-23 23:00:00,469.0
2020-05-24 00:00:00,360.0
2020-05-24 01:00:00,203.0
2020-05-24 02:00:00,140.0
2020-05-24 03:00:00,79.0
2020-05-24 04:00:00,52.0
2020-05-24 05:00:00,134.0
2020-05-24 06:00:00,400.0
2020-05-24 07:00:00,693.0
2020-05-24 08:00:00,1061.0
2020-05-24 09:00:00,1668.0
2020-05-24 10:00:00,2433.0
2020-05-24 11:00:00,3738.0
2020-05-24 12:00:00,5295.0
2020-05-24 13:00:00,7149.0
2020-05-24 14:00:00,7659.0
2020-05-24 15:00:00,8098.0
2020-05-24 16:00:00,7786.0
2020-05-24 17:00:00,7371.0
2020-05-24 18:00:00,6664.0
2020-05-24 19:00:00,5161.0
2020-05-24 20:00:00,3040.0
2020-05-24 21:00:00,1614.0
2020-05-24 22:00:00,1075.0
2020-05-24 23:00:00,740.0
2020-05-25 00:00:00,428.0
2020-05-25 01:00:00,246.0
2020-05-25 02:00:00,141.0
2020-05-25 03:00:00,82.0
2020-05-25 04:00:00,81.0
2020-05-25 05:00:00,105.0
2020-05-25 06:00:00,373.0
2020-05-25 07:00:00,594.0
2020-05-25 08:00:00,915.0
2020-05-25 09:00:00,1412.0
2020-05-25 10:00:00,2100.0
2020-05-25 11:00:00,3198.0
2020-05-25 12:00:00,4435.0
2020-05-25 13:00:00,5805.0
2020-05-25 14:00:00,6978.0
2020-05-25 15:00:00,7749.0
2020-05-25 16:00:00,7589.0
2020-05-25 17:00:00,6953.0
2020-05-25 18:00:00,6652.0
2020-05-25 19:00:00,5290.0
2020-05-25 20:00:00,3250.0
2020-05-25 21:00:00,1608.0
2020-05-25 22:00:00,958.0
2020-05-25 23:00:00,605.0
2020-05-26 00:00:00,338.0
2020-05-26 01:00:00,180.0
2020-05-26 02:00:00,122.0
2020-05-26 03:00:00,100.0
2020-05-26 04:00:00,85.0
2020-05-26 05:00:00,243.0
2020-05-26 06:00:00,894.0
2020-05-26 07:00:00,1443.0
2020-05-26 08:00:00,1913.0
2020-05-26 09:00:00,1795.0
2020-05-26 10:00:00,1791.0
2020-05-26 11:00:00,2179.0
2020-05-26 12:00:00,2889.0
2020-05-26 13:00:00,3201.0
2020-05-26 14:00:00,3688.0
2020-05-26 15:00:00,4093.0
2020-05-26 16:00:00,4751.0
2020-05-26 17:00:00,6106.0
2020-05-26 18:00:00,6194.0
2020-05-26 19:00:00,5005.0
2020-05-26 20:00:00,3082.0
2020-05-26 21:00:00,1560.0
2020-05-26 22:00:00,825.0
2020-05-26 23:00:00,569.0
2020-05-27 00:00:00,346.0
2020-05-27 01:00:00,179.0
2020-05-27 02:00:00,105.0
2020-05-27 03:00:00,69.0
2020-05-27 04:00:00,80.0
2020-05-27 05:00:00,253.0
2020-05-27 06:00:00,1007.0
2020-05-27 07:00:00,1654.0
2020-05-27 08:00:00,2047.0
2020-05-27 09:00:00,1979.0
2020-05-27 10:00:00,1989.0
2020-05-27 11:00:00,2401.0
2020-05-27 12:00:00,3088.0
2020-05-27 13:00:00,3439.0
2020-05-27 14:00:00,3739.0
2020-05-27 15:00:00,4024.0
2020-05-27 16:00:00,4806.0
2020-05-27 17:00:00,5967.0
2020-05-27 18:00:00,6198.0
2020-05-27 19:00:00,5237.0
2020-05-27 20:00:00,3160.0
2020-05-27 21:00:00,1610.0
2020-05-27 22:00:00,1003.0
2020-05-27 23:00:00,662.0
2020-05-28 00:00:00,322.0
2020-05-28 01:00:00,183.0
2020-05-28 02:00:00,121.0
2020-05-28 03:00:00,80.0
2020-05-28 04:00:00,85.0
2020-05-28 05:00:00,276.0
2020-05-28 06:00:00,948.0
2020-05-28 07:00:00,1631.0
2020-05-28 08:00:00,1975.0
2020-05-28 09:00:00,1736.0
2020-05-28 10:00:00,1766.0
2020-05-28 11:00:00,2073.0
2020-05-28 12:00:00,2543.0
2020-05-28 13:00:00,2769.0
2020-05-28 14:00:00,2984.0
2020-05-28 15:00:00,3362.0
2020-05-28 16:00:00,3869.0
2020-05-28 17:00:00,4603.0
2020-05-28 18:00:00,5102.0
2020-05-28 19:00:00,4304.0
2020-05-28 20:00:00,2383.0
2020-05-28 21:00:00,1322.0
2020-05-28 22:00:00,912.0
2020-05-28 23:00:00,639.0
2020-05-29 00:00:00,389.0
2020-05-29 01:00:00,235.0
2020-05-29 02:00:00,147.0
2020-05-29 03:00:00,82.0
2020-05-29 04:00:00,112.0
2020-05-29 05:00:00,262.0
2020-05-29 06:00:00,998.0
2020-05-29 07:00:00,1559.0
2020-05-29 08:00:00,1993.0
2020-05-29 09:00:00,1860.0
2020-05-29 10:00:00,1977.0
2020-05-29 11:00:00,2306.0
2020-05-29 12:00:00,2786.0
2020-05-29 13:00:00,3033.0
2020-05-29 14:00:00,3408.0
2020-05-29 15:00:00,4192.0
2020-05-29 16:00:00,4824.0
2020-05-29 17:00:00,5807.0
2020-05-29 18:00:00,6168.0
2020-05-29 19:00:00,5415.0
2020-05-29 20:00:00,2180.0
2020-05-29 21:00:00,1438.0
2020-05-29 22:00:00,1115.0
2020-05-29 23:00:00,849.0
2020-05-30 00:00:00,614.0
2020-05-30 01:00:00,356.0
2020-05-30 02:00:00,226.0
2020-05-30 03:00:00,144.0
2020-05-30 04:00:00,117.0
2020-05-30 05:00:00,174.0
2020-05-30 06:00:00,528.0
2020-05-30 07:00:00,1009.0
2020-05-30 08:00:00,1504.0
2020-05-30 09:00:00,2482.0
2020-05-30 10:00:00,3477.0
2020-05-30 11:00:00,4709.0
2020-05-30 12:00:00,5824.0
2020-05-30 13:00:00,7012.0
2020-05-30 14:00:00,8063.0
2020-05-30 15:00:00,8027.0
2020-05-30 16:00:00,8352.0
2020-05-30 17:00:00,8100.0
2020-05-30 18:00:00,7717.0
2020-05-30 19:00:00,6756.0
2020-05-30 20:00:00,4670.0
2020-05-30 21:00:00,2883.0
2020-05-30 22:00:00,2215.0
2020-05-30 23:00:00,1741.0
2020-05-31 00:00:00,1129.0
2020-05-31 01:00:00,620.0
2020-05-31 02:00:00,329.0
2020-05-31 03:00:00,168.0
2020-05-31 04:00:00,82.0
2020-05-31 05:00:00,175.0
2020-05-31 06:00:00,467.0
2020-05-31 07:00:00,791.0
2020-05-31 08:00:00,1283.0
2020-05-31 09:00:00,2101.0
2020-05-31 10:00:00,2994.0
2020-05-31 11:00:00,4355.0
2020-05-31 12:00:00,5740.0
2020-05-31 13:00:00,7174.0
2020-05-31 14:00:00,7940.0
2020-05-31 15:00:00,8152.0
2020-05-31 16:00:00,8502.0
2020-05-31 17:00:00,7858.0
2020-05-31 18:00:00,6603.0
2020-05-31 19:00:00,5475.0
2020-05-31 20:00:00,3828.0
2020-05-31 21:00:00,2101.0
2020-05-31 22:00:00,1537.0
2020-05-31 23:00:00,1027.0
2020-06-01 00:00:00,547.0
2020-06-01 01:00:00,295.0
2020-06-01 02:00:00,183.0
2020-06-01 03:00:00,129.0
2020-06-01 04:00:00,110.0
2020-06-01 05:00:00,262.0
2020-06-01 06:00:00,946.0
2020-06-01 07:00:00,1605.0
2020-06-01 08:00:00,2105.0
2020-06-01 09:00:00,1958.0
2020-06-01 10:00:00,1932.0
2020-06-01 11:00:00,2145.0
2020-06-01 12:00:00,2659.0
2020-06-01 13:00:00,3006.0
2020-06-01 14:00:00,3235.0
2020-06-01 15:00:00,3586.0
2020-06-01 16:00:00,4465.0
2020-06-01 17:00:00,5517.0
2020-06-01 18:00:00,5982.0
2020-06-01 19:00:00,4689.0
2020-06-01 20:00:00,3506.0
2020-06-01 21:00:00,2531.0
2020-06-01 22:00:00,1151.0
2020-06-01 23:00:00,10.0
2020-06-02 00:00:00,2.0
2020-06-02 01:00:00,7.0
2020-06-02 03:00:00,6.0
2020-06-02 04:00:00,6.0
2020-06-02 05:00:00,265.0
2020-06-02 06:00:00,1119.0
2020-06-02 07:00:00,1720.0
2020-06-02 08:00:00,2144.0
2020-06-02 09:00:00,2014.0
2020-06-02 10:00:00,1931.0
2020-06-02 11:00:00,2258.0
2020-06-02 12:00:00,3049.0
2020-06-02 13:00:00,3324.0
2020-06-02 14:00:00,3574.0
2020-06-02 15:00:00,4349.0
2020-06-02 16:00:00,5358.0
2020-06-02 17:00:00,5750.0
2020-06-02 18:00:00,5151.0
2020-06-02 19:00:00,4243.0
2020-06-02 20:00:00,56.0
2020-06-02 21:00:00,21.0
2020-06-02 22:00:00,13.0
2020-06-02 23:00:00,13.0
2020-06-03 00:00:00,10.0
2020-06-03 01:00:00,1.0
2020-06-03 02:00:00,1.0
2020-06-03 04:00:00,4.0
2020-06-03 05:00:00,207.0
2020-06-03 06:00:00,950.0
2020-06-03 07:00:00,1703.0
2020-06-03 08:00:00,2192.0
2020-06-03 09:00:00,2018.0
2020-06-03 10:00:00,2067.0
2020-06-03 11:00:00,2305.0
2020-06-03 12:00:00,2748.0
2020-06-03 13:00:00,1580.0
2020-06-03 14:00:00,1119.0
2020-06-03 15:00:00,2405.0
2020-06-03 16:00:00,3934.0
2020-06-03 17:00:00,5316.0
2020-06-03 18:00:00,299.0
2020-06-03 19:00:00,87.0
2020-06-03 20:00:00,47.0
2020-06-03 21:00:00,16.0
2020-06-03 22:00:00,9.0
2020-06-03 23:00:00,9.0
2020-06-04 00:00:00,8.0
2020-06-04 01:00:00,2.0
2020-06-04 03:00:00,1.0
2020-06-04 04:00:00,8.0
2020-06-04 05:00:00,298.0
2020-06-04 06:00:00,1162.0
2020-06-04 07:00:00,1838.0
2020-06-04 08:00:00,2328.0
2020-06-04 09:00:00,2162.0
2020-06-04 10:00:00,2125.0
2020-06-04 11:00:00,2555.0
2020-06-04 12:00:00,3389.0
2020-06-04 13:00:00,3413.0
2020-06-04 14:00:00,3748.0
2020-06-04 15:00:00,4336.0
2020-06-04 16:00:00,5263.0
2020-06-04 17:00:00,6751.0
2020-06-04 18:00:00,136.0
2020-06-04 19:00:00,89.0
2020-06-04 20:00:00,90.0
2020-06-04 21:00:00,18.0
2020-06-04 22:00:00,8.0
2020-06-04 23:00:00,13.0
2020-06-05 00:00:00,4.0
2020-06-05 01:00:00,2.0
2020-06-05 02:00:00,2.0
2020-06-05 03:00:00,2.0
2020-06-05 04:00:00,10.0
2020-06-05 05:00:00,246.0
2020-06-05 06:00:00,903.0
2020-06-05 07:00:00,1572.0
2020-06-05 08:00:00,2116.0
2020-06-05 09:00:00,1993.0
2020-06-05 10:00:00,1957.0
2020-06-05 11:00:00,2342.0
2020-06-05 12:00:00,2693.0
2020-06-05 13:00:00,3086.0
2020-06-05 14:00:00,3149.0
2020-06-05 15:00:00,3642.0
2020-06-05 16:00:00,4306.0
2020-06-05 17:00:00,4899.0
2020-06-05 18:00:00,54.0
2020-06-05 19:00:00,29.0
2020-06-05 20:00:00,33.0
2020-06-05 21:00:00,14.0
2020-06-05 22:00:00,8.0
2020-06-05 23:00:00,13.0
2020-06-06 00:00:00,3.0
2020-06-06 02:00:00,1.0
2020-06-06 04:00:00,6.0
2020-06-06 05:00:00,172.0
2020-06-06 06:00:00,488.0
2020-06-06 07:00:00,1058.0
2020-06-06 08:00:00,1782.0
2020-06-06 09:00:00,2697.0
2020-06-06 10:00:00,4012.0
2020-06-06 11:00:00,4882.0
2020-06-06 12:00:00,5963.0
2020-06-06 13:00:00,6687.0
2020-06-06 14:00:00,7107.0
2020-06-06 15:00:00,6379.0
2020-06-06 16:00:00,7085.0
2020-06-06 17:00:00,7609.0
2020-06-06 18:00:00,169.0
2020-06-06 19:00:00,119.0
2020-06-06 20:00:00,111.0
2020-06-06 21:00:00,54.0
2020-06-06 22:00:00,25.0
2020-06-06 23:00:00,18.0
2020-06-07 00:00:00,8.0
2020-06-07 01:00:00,3.0
2020-06-07 02:00:00,3.0
2020-06-07 04:00:00,6.0
2020-06-07 05:00:00,195.0
2020-06-07 06:00:00,473.0
2020-06-07 07:00:00,960.0
2020-06-07 08:00:00,1584.0
2020-06-07 09:00:00,2574.0
2020-06-07 10:00:00,3901.0
2020-06-07 11:00:00,5266.0
2020-06-07 12:00:00,6372.0
2020-06-07 13:00:00,7227.0
2020-06-07 14:00:00,7880.0
2020-06-07 15:00:00,8165.0
2020-06-07 16:00:00,8177.0
2020-06-07 17:00:00,7921.0
2020-06-07 18:00:00,6898.0
2020-06-07 19:00:00,5335.0
2020-06-07 20:00:00,3603.0
2020-06-07 21:00:00,1921.0
2020-06-07 22:00:00,1168.0
2020-06-07 23:00:00,683.0
2020-06-08 00:00:00,347.0
2020-06-08 01:00:00,213.0
2020-06-08 02:00:00,165.0
2020-06-08 03:00:00,86.0
2020-06-08 04:00:00,80.0
2020-06-08 05:00:00,323.0
2020-06-08 06:00:00,1164.0
2020-06-08 07:00:00,1847.0
2020-06-08 08:00:00,2447.0
2020-06-08 09:00:00,2251.0
2020-06-08 10:00:00,2309.0
2020-06-08 11:00:00,2503.0
2020-06-08 12:00:00,3287.0
2020-06-08 13:00:00,3492.0
2020-06-08 14:00:00,3866.0
2020-06-08 15:00:00,4516.0
2020-06-08 16:00:00,5194.0
2020-06-08 17:00:00,6338.0
2020-06-08 18:00:00,6881.0
2020-06-08 19:00:00,5680.0
2020-06-08 20:00:00,3812.0
2020-06-08 21:00:00,2105.0
2020-06-08 22:00:00,1152.0
2020-06-08 23:00:00,757.0
2020-06-09 00:00:00,442.0
2020-06-09 01:00:00,279.0
2020-06-09 02:00:00,140.0
2020-06-09 03:00:00,99.0
2020-06-09 04:00:00,91.0
2020-06-09 05:00:00,361.0
2020-06-09 06:00:00,1247.0
2020-06-09 07:00:00,2161.0
2020-06-09 08:00:00,2615.0
2020-06-09 09:00:00,2364.0
2020-06-09 10:00:00,2240.0
2020-06-09 11:00:00,2602.0
2020-06-09 12:00:00,3148.0
2020-06-09 13:00:00,3368.0
2020-06-09 14:00:00,3677.0
2020-06-09 15:00:00,4087.0
2020-06-09 16:00:00,4990.0
2020-06-09 17:00:00,6258.0
2020-06-09 18:00:00,6889.0
2020-06-09 19:00:00,5806.0
2020-06-09 20:00:00,4276.0
2020-06-09 21:00:00,2470.0
2020-06-09 22:00:00,1300.0
2020-06-09 23:00:00,748.0
2020-06-10 00:00:00,459.0
2020-06-10 01:00:00,234.0
2020-06-10 02:00:00,171.0
2020-06-10 03:00:00,82.0
2020-06-10 04:00:00,124.0
2020-06-10 05:00:00,358.0
2020-06-10 06:00:00,1320.0
2020-06-10 07:00:00,2197.0
2020-06-10 08:00:00,2744.0
2020-06-10 09:00:00,2557.0
2020-06-10 10:00:00,2337.0
2020-06-10 11:00:00,2552.0
2020-06-10 12:00:00,3072.0
2020-06-10 13:00:00,3364.0
2020-06-10 14:00:00,3663.0
2020-06-10 15:00:00,4182.0
2020-06-10 16:00:00,4996.0
2020-06-10 17:00:00,6499.0
2020-06-10 18:00:00,7113.0
2020-06-10 19:00:00,5840.0
2020-06-10 20:00:00,4330.0
2020-06-10 21:00:00,2509.0
2020-06-10 22:00:00,1392.0
2020-06-10 23:00:00,934.0
2020-06-11 00:00:00,491.0
2020-06-11 01:00:00,322.0
2020-06-11 02:00:00,173.0
2020-06-11 03:00:00,138.0
2020-06-11 04:00:00,112.0
2020-06-11 05:00:00,310.0
2020-06-11 06:00:00,982.0
2020-06-11 07:00:00,1894.0
2020-06-11 08:00:00,2409.0
2020-06-11 09:00:00,2168.0
2020-06-11 10:00:00,2098.0
2020-06-11 11:00:00,2041.0
2020-06-11 12:00:00,2453.0
2020-06-11 13:00:00,2377.0
2020-06-11 14:00:00,2092.0
2020-06-11 15:00:00,1352.0
2020-06-11 16:00:00,2190.0
2020-06-11 17:00:00,4071.0
2020-06-11 18:00:00,4805.0
2020-06-11 19:00:00,4411.0
2020-06-11 20:00:00,3210.0
2020-06-11 21:00:00,1892.0
2020-06-11 22:00:00,1162.0
2020-06-11 23:00:00,805.0
2020-06-12 00:00:00,475.0
2020-06-12 01:00:00,259.0
2020-06-12 02:00:00,201.0
2020-06-12 03:00:00,84.0
2020-06-12 04:00:00,118.0
2020-06-12 05:00:00,336.0
2020-06-12 06:00:00,1264.0
2020-06-12 07:00:00,2059.0
2020-06-12 08:00:00,2693.0
2020-06-12 09:00:00,2630.0
2020-06-12 10:00:00,2739.0
2020-06-12 11:00:00,2993.0
2020-06-12 12:00:00,3508.0
2020-06-12 13:00:00,4045.0
2020-06-12 14:00:00,4622.0
2020-06-12 15:00:00,5243.0
2020-06-12 16:00:00,6073.0
2020-06-12 17:00:00,7439.0
2020-06-12 18:00:00,7606.0
2020-06-12 19:00:00,6299.0
2020-06-12 20:00:00,4618.0
2020-06-12 21:00:00,3127.0
2020-06-12 22:00:00,2240.0
2020-06-12 23:00:00,1574.0
2020-06-13 00:00:00,1074.0
2020-06-13 01:00:00,673.0
2020-06-13 02:00:00,382.0
2020-06-13 03:00:00,227.0
2020-06-13 04:00:00,144.0
2020-06-13 05:00:00,233.0
2020-06-13 06:00:00,553.0
2020-06-13 07:00:00,1170.0
2020-06-13 08:00:00,1738.0
2020-06-13 09:00:00,2706.0
2020-06-13 10:00:00,3887.0
2020-06-13 11:00:00,4862.0
2020-06-13 12:00:00,6373.0
2020-06-13 13:00:00,7363.0
2020-06-13 14:00:00,7967.0
2020-06-13 15:00:00,8406.0
2020-06-13 16:00:00,8083.0
2020-06-13 17:00:00,8081.0
2020-06-13 18:00:00,7818.0
2020-06-13 19:00:00,6810.0
2020-06-13 20:00:00,5220.0
2020-06-13 21:00:00,2815.0
2020-06-13 22:00:00,1793.0
2020-06-13 23:00:00,1315.0
2020-06-14 00:00:00,801.0
2020-06-14 01:00:00,543.0
2020-06-14 02:00:00,238.0
2020-06-14 03:00:00,139.0
2020-06-14 04:00:00,85.0
2020-06-14 05:00:00,148.0
2020-06-14 06:00:00,404.0
2020-06-14 07:00:00,754.0
2020-06-14 08:00:00,1277.0
2020-06-14 09:00:00,2201.0
2020-06-14 10:00:00,3153.0
2020-06-14 11:00:00,4467.0
2020-06-14 12:00:00,6291.0
2020-06-14 13:00:00,6971.0
2020-06-14 14:00:00,7553.0
2020-06-14 15:00:00,8034.0
2020-06-14 16:00:00,8257.0
2020-06-14 17:00:00,7660.0
2020-06-14 18:00:00,6835.0
2020-06-14 19:00:00,5498.0
2020-06-14 20:00:00,3917.0
2020-06-14 21:00:00,2089.0
2020-06-14 22:00:00,1208.0
2020-06-14 23:00:00,828.0
2020-06-15 00:00:00,422.0
2020-06-15 01:00:00,204.0
2020-06-15 02:00:00,119.0
2020-06-15 03:00:00,93.0
2020-06-15 04:00:00,88.0
2020-06-15 05:00:00,348.0
2020-06-15 06:00:00,1174.0
2020-06-15 07:00:00,1992.0
2020-06-15 08:00:00,2611.0
2020-06-15 09:00:00,2328.0
2020-06-15 10:00:00,2135.0
2020-06-15 11:00:00,2473.0
2020-06-15 12:00:00,3083.0
2020-06-15 13:00:00,3316.0
2020-06-15 14:00:00,3529.0
2020-06-15 15:00:00,4052.0
2020-06-15 16:00:00,4894.0
2020-06-15 17:00:00,6074.0
2020-06-15 18:00:00,6221.0
2020-06-15 19:00:00,5195.0
2020-06-15 20:00:00,3618.0
2020-06-15 21:00:00,1930.0
2020-06-15 22:00:00,1149.0
2020-06-15 23:00:00,630.0
2020-06-16 00:00:00,404.0
2020-06-16 01:00:00,208.0
2020-06-16 02:00:00,117.0
2020-06-16 03:00:00,71.0
2020-06-16 04:00:00,83.0
2020-06-16 05:00:00,328.0
2020-06-16 06:00:00,1350.0
2020-06-16 07:00:00,2221.0
2020-06-16 08:00:00,2932.0
2020-06-16 09:00:00,2680.0
2020-06-16 10:00:00,2446.0
2020-06-16 11:00:00,2725.0
2020-06-16 12:00:00,3380.0
2020-06-16 13:00:00,3765.0
2020-06-16 14:00:00,4011.0
2020-06-16 15:00:00,4552.0
2020-06-16 16:00:00,5385.0
2020-06-16 17:00:00,6851.0
2020-06-16 18:00:00,7227.0
2020-06-16 19:00:00,5934.0
2020-06-16 20:00:00,4268.0
2020-06-16 21:00:00,2320.0
2020-06-16 22:00:00,1320.0
2020-06-16 23:00:00,724.0
2020-06-17 00:00:00,488.0
2020-06-17 01:00:00,293.0
2020-06-17 02:00:00,143.0
2020-06-17 03:00:00,103.0
2020-06-17 04:00:00,100.0
2020-06-17 05:00:00,364.0
2020-06-17 06:00:00,1352.0
2020-06-17 07:00:00,2219.0
2020-06-17 08:00:00,2990.0
2020-06-17 09:00:00,2737.0
2020-06-17 10:00:00,2511.0
2020-06-17 11:00:00,2844.0
2020-06-17 12:00:00,3430.0
2020-06-17 13:00:00,3584.0
2020-06-17 14:00:00,4086.0
2020-06-17 15:00:00,4555.0
2020-06-17 16:00:00,5282.0
2020-06-17 17:00:00,6796.0
2020-06-17 18:00:00,6959.0
2020-06-17 19:00:00,5265.0
2020-06-17 20:00:00,3693.0
2020-06-17 21:00:00,2206.0
2020-06-17 22:00:00,1354.0
2020-06-17 23:00:00,829.0
2020-06-18 00:00:00,460.0
2020-06-18 01:00:00,246.0
2020-06-18 02:00:00,166.0
2020-06-18 03:00:00,83.0
2020-06-18 04:00:00,106.0
2020-06-18 05:00:00,354.0
2020-06-18 06:00:00,1231.0
2020-06-18 07:00:00,2028.0
2020-06-18 08:00:00,2785.0
2020-06-18 09:00:00,2585.0
2020-06-18 10:00:00,2297.0
2020-06-18 11:00:00,2741.0
2020-06-18 12:00:00,3205.0
2020-06-18 13:00:00,3396.0
2020-06-18 14:00:00,3678.0
2020-06-18 15:00:00,4040.0
2020-06-18 16:00:00,4611.0
2020-06-18 17:00:00,6175.0
2020-06-18 18:00:00,6801.0
2020-06-18 19:00:00,5713.0
2020-06-18 20:00:00,4414.0
2020-06-18 21:00:00,2529.0
2020-06-18 22:00:00,1530.0
2020-06-18 23:00:00,972.0
2020-06-19 00:00:00,541.0
2020-06-19 01:00:00,314.0
2020-06-19 02:00:00,185.0
2020-06-19 03:00:00,111.0
2020-06-19 04:00:00,117.0
2020-06-19 05:00:00,365.0
2020-06-19 06:00:00,1149.0
2020-06-19 07:00:00,2035.0
2020-06-19 08:00:00,2726.0
2020-06-19 09:00:00,2793.0
2020-06-19 10:00:00,3017.0
2020-06-19 11:00:00,3506.0
2020-06-19 12:00:00,4359.0
2020-06-19 13:00:00,5219.0
2020-06-19 14:00:00,5492.0
2020-06-19 15:00:00,6074.0
2020-06-19 16:00:00,6984.0
2020-06-19 17:00:00,7890.0
2020-06-19 18:00:00,7870.0
2020-06-19 19:00:00,6437.0
2020-06-19 20:00:00,4889.0
2020-06-19 21:00:00,3102.0
2020-06-19 22:00:00,2174.0
2020-06-19 23:00:00,1678.0
2020-06-20 00:00:00,1177.0
2020-06-20 01:00:00,741.0
2020-06-20 02:00:00,381.0
2020-06-20 03:00:00,226.0
2020-06-20 04:00:00,151.0
2020-06-20 05:00:00,233.0
2020-06-20 06:00:00,598.0
2020-06-20 07:00:00,1140.0
2020-06-20 08:00:00,1812.0
2020-06-20 09:00:00,2693.0
2020-06-20 10:00:00,3535.0
2020-06-20 11:00:00,4580.0
2020-06-20 12:00:00,5485.0
2020-06-20 13:00:00,6478.0
2020-06-20 14:00:00,6696.0
2020-06-20 15:00:00,7079.0
2020-06-20 16:00:00,7090.0
2020-06-20 17:00:00,6868.0
2020-06-20 18:00:00,6820.0
2020-06-20 19:00:00,5489.0
2020-06-20 20:00:00,4345.0
2020-06-20 21:00:00,2964.0
2020-06-20 22:00:00,2043.0
2020-06-20 23:00:00,1651.0
2020-06-21 00:00:00,1227.0
2020-06-21 01:00:00,654.0
2020-06-21 02:00:00,348.0
2020-06-21 03:00:00,212.0
2020-06-21 04:00:00,156.0
2020-06-21 05:00:00,191.0
2020-06-21 06:00:00,528.0
2020-06-21 07:00:00,898.0
2020-06-21 08:00:00,1478.0
2020-06-21 09:00:00,2325.0
2020-06-21 10:00:00,3277.0
2020-06-21 11:00:00,3964.0
2020-06-21 12:00:00,4910.0
2020-06-21 13:00:00,5746.0
2020-06-21 14:00:00,6099.0
2020-06-21 15:00:00,6290.0
2020-06-21 16:00:00,6459.0
2020-06-21 17:00:00,6454.0
2020-06-21 18:00:00,6118.0
2020-06-21 19:00:00,5442.0
2020-06-21 20:00:00,4185.0
2020-06-21 21:00:00,2760.0
2020-06-21 22:00:00,1636.0
2020-06-21 23:00:00,981.0
2020-06-22 00:00:00,552.0
2020-06-22 01:00:00,297.0
2020-06-22 02:00:00,176.0
2020-06-22 03:00:00,88.0
2020-06-22 04:00:00,95.0
2020-06-22 05:00:00,357.0
2020-06-22 06:00:00,1196.0
2020-06-22 07:00:00,2141.0
2020-06-22 08:00:00,2875.0
2020-06-22 09:00:00,2672.0
2020-06-22 10:00:00,2368.0
2020-06-22 11:00:00,2636.0
2020-06-22 12:00:00,2976.0
2020-06-22 13:00:00,3324.0
2020-06-22 14:00:00,3407.0
2020-06-22 15:00:00,3816.0
2020-06-22 16:00:00,4486.0
2020-06-22 17:00:00,5800.0
2020-06-22 18:00:00,6224.0
2020-06-22 19:00:00,5474.0
2020-06-22 20:00:00,4067.0
2020-06-22 21:00:00,2511.0
2020-06-22 22:00:00,1536.0
2020-06-22 23:00:00,872.0
2020-06-23 00:00:00,570.0
2020-06-23 01:00:00,272.0
2020-06-23 02:00:00,176.0
2020-06-23 03:00:00,108.0
2020-06-23 04:00:00,146.0
2020-06-23 05:00:00,452.0
2020-06-23 06:00:00,1507.0
2020-06-23 07:00:00,2487.0
2020-06-23 08:00:00,3180.0
2020-06-23 09:00:00,2913.0
2020-06-23 10:00:00,2559.0
2020-06-23 11:00:00,2830.0
2020-06-23 12:00:00,3330.0
2020-06-23 13:00:00,3498.0
2020-06-23 14:00:00,3685.0
2020-06-23 15:00:00,4333.0
2020-06-23 16:00:00,5164.0
2020-06-23 17:00:00,6703.0
2020-06-23 18:00:00,7258.0
2020-06-23 19:00:00,6149.0
2020-06-23 20:00:00,4633.0
2020-06-23 21:00:00,2842.0
2020-06-23 22:00:00,1779.0
2020-06-23 23:00:00,1054.0
2020-06-24 00:00:00,590.0
2020-06-24 01:00:00,301.0
2020-06-24 02:00:00,189.0
2020-06-24 03:00:00,113.0
2020-06-24 04:00:00,110.0
2020-06-24 05:00:00,407.0
2020-06-24 06:00:00,1342.0
2020-06-24 07:00:00,2335.0
2020-06-24 08:00:00,3003.0
2020-06-24 09:00:00,2732.0
2020-06-24 10:00:00,2497.0
2020-06-24 11:00:00,2689.0
2020-06-24 12:00:00,3231.0
2020-06-24 13:00:00,3447.0
2020-06-24 14:00:00,3723.0
2020-06-24 15:00:00,4159.0
2020-06-24 16:00:00,4939.0
2020-06-24 17:00:00,6542.0
2020-06-24 18:00:00,7157.0
2020-06-24 19:00:00,6260.0
2020-06-24 20:00:00,4655.0
2020-06-24 21:00:00,3064.0
2020-06-24 22:00:00,2148.0
2020-06-24 23:00:00,1343.0
2020-06-25 00:00:00,706.0
2020-06-25 01:00:00,404.0
2020-06-25 02:00:00,214.0
2020-06-25 03:00:00,145.0
2020-06-25 04:00:00,140.0
2020-06-25 05:00:00,386.0
2020-06-25 06:00:00,1352.0
2020-06-25 07:00:00,2333.0
2020-06-25 08:00:00,3150.0
2020-06-25 09:00:00,2922.0
2020-06-25 10:00:00,2674.0
2020-06-25 11:00:00,2929.0
2020-06-25 12:00:00,3584.0
2020-06-25 13:00:00,3757.0
2020-06-25 14:00:00,3988.0
2020-06-25 15:00:00,4419.0
2020-06-25 16:00:00,5004.0
2020-06-25 17:00:00,6451.0
2020-06-25 18:00:00,7252.0
2020-06-25 19:00:00,6200.0
2020-06-25 20:00:00,4925.0
2020-06-25 21:00:00,3087.0
2020-06-25 22:00:00,2169.0
2020-06-25 23:00:00,1503.0
2020-06-26 00:00:00,879.0
2020-06-26 01:00:00,428.0
2020-06-26 02:00:00,254.0
2020-06-26 03:00:00,156.0
2020-06-26 04:00:00,161.0
2020-06-26 05:00:00,414.0
2020-06-26 06:00:00,1397.0
2020-06-26 07:00:00,2268.0
2020-06-26 08:00:00,2976.0
2020-06-26 09:00:00,3004.0
2020-06-26 10:00:00,2931.0
2020-06-26 11:00:00,3109.0
2020-06-26 12:00:00,3692.0
2020-06-26 13:00:00,4000.0
2020-06-26 14:00:00,4244.0
2020-06-26 15:00:00,4898.0
2020-06-26 16:00:00,5696.0
2020-06-26 17:00:00,6995.0
2020-06-26 18:00:00,7316.0
2020-06-26 19:00:00,6349.0
2020-06-26 20:00:00,4648.0
2020-06-26 21:00:00,3287.0
2020-06-26 22:00:00,2642.0
2020-06-26 23:00:00,2112.0
2020-06-27 00:00:00,1656.0
2020-06-27 01:00:00,1042.0
2020-06-27 02:00:00,551.0
2020-06-27 03:00:00,319.0
2020-06-27 04:00:00,179.0
2020-06-27 05:00:00,253.0
2020-06-27 06:00:00,688.0
2020-06-27 07:00:00,1171.0
2020-06-27 08:00:00,2027.0
2020-06-27 09:00:00,2741.0
2020-06-27 10:00:00,3658.0
2020-06-27 11:00:00,4065.0
2020-06-27 12:00:00,4176.0
2020-06-27 13:00:00,4117.0
2020-06-27 14:00:00,3317.0
2020-06-27 15:00:00,2336.0
2020-06-27 16:00:00,2649.0
2020-06-27 17:00:00,4295.0
2020-06-27 18:00:00,5143.0
2020-06-27 19:00:00,4549.0
2020-06-27 20:00:00,3782.0
2020-06-27 21:00:00,2710.0
2020-06-27 22:00:00,2119.0
2020-06-27 23:00:00,1875.0
2020-06-28 00:00:00,1235.0
2020-06-28 01:00:00,884.0
2020-06-28 02:00:00,496.0
2020-06-28 03:00:00,256.0
2020-06-28 04:00:00,196.0
2020-06-28 05:00:00,277.0
2020-06-28 06:00:00,561.0
2020-06-28 07:00:00,995.0
2020-06-28 08:00:00,1741.0
2020-06-28 09:00:00,2700.0
2020-06-28 10:00:00,3833.0
2020-06-28 11:00:00,4835.0
2020-06-28 12:00:00,5895.0
2020-06-28 13:00:00,6059.0
2020-06-28 14:00:00,6157.0
2020-06-28 15:00:00,6258.0
2020-06-28 16:00:00,6370.0
2020-06-28 17:00:00,5743.0
2020-06-28 18:00:00,5151.0
2020-06-28 19:00:00,2097.0
2020-06-28 20:00:00,2702.0
2020-06-28 21:00:00,2106.0
2020-06-28 22:00:00,1573.0
2020-06-28 23:00:00,1098.0
2020-06-29 00:00:00,618.0
2020-06-29 01:00:00,374.0
2020-06-29 02:00:00,209.0
2020-06-29 03:00:00,134.0
2020-06-29 04:00:00,117.0
2020-06-29 05:00:00,426.0
2020-06-29 06:00:00,1325.0
2020-06-29 07:00:00,2271.0
2020-06-29 08:00:00,3036.0
2020-06-29 09:00:00,2807.0
2020-06-29 10:00:00,2518.0
2020-06-29 11:00:00,2914.0
2020-06-29 12:00:00,3539.0
2020-06-29 13:00:00,3688.0
2020-06-29 14:00:00,3738.0
2020-06-29 15:00:00,4153.0
2020-06-29 16:00:00,5113.0
2020-06-29 17:00:00,6486.0
2020-06-29 18:00:00,4653.0
2020-06-29 19:00:00,4488.0
2020-06-29 20:00:00,4021.0
2020-06-29 21:00:00,2574.0
2020-06-29 22:00:00,1624.0
2020-06-29 23:00:00,1049.0
2020-06-30 00:00:00,616.0
2020-06-30 01:00:00,351.0
2020-06-30 02:00:00,202.0
2020-06-30 03:00:00,125.0
2020-06-30 04:00:00,137.0
2020-06-30 05:00:00,432.0
2020-06-30 06:00:00,1508.0
2020-06-30 07:00:00,2623.0
2020-06-30 08:00:00,3528.0
2020-06-30 09:00:00,3093.0
2020-06-30 10:00:00,2953.0
2020-06-30 11:00:00,3140.0
2020-06-30 12:00:00,2789.0
2020-06-30 13:00:00,2388.0
2020-06-30 14:00:00,3258.0
2020-06-30 15:00:00,4043.0
2020-06-30 16:00:00,4647.0
2020-06-30 17:00:00,6118.0
2020-06-30 18:00:00,6928.0
2020-06-30 19:00:00,5879.0
2020-06-30 20:00:00,4454.0
2020-06-30 21:00:00,2840.0
2020-06-30 22:00:00,1926.0
2020-06-30 23:00:00,1376.0
